"UMean:0","UMean:1","UMean:2","Points:1"
0.0,0.0,0.0,0.0
5.4138e-07,-2.2026e-09,0.14658,0.1
1.0828e-06,-4.4052e-09,0.29317,0.2
1.6241e-06,-6.6078e-09,0.43975,0.3
2.0879e-06,-9.5029e-09,0.56955,0.4
2.3938e-06,-1.3806e-08,0.66522,0.5
2.6998e-06,-1.8108e-08,0.76089,0.6
3.0058e-06,-2.2411e-08,0.85656,0.7
3.3117e-06,-2.6713e-08,0.95223,0.8
3.5169e-06,-3.162e-08,1.0196,0.9
3.6518e-06,-3.6948e-08,1.0674,1.0
3.7868e-06,-4.2276e-08,1.1151,1.1
3.9217e-06,-4.7604e-08,1.1629,1.2
4.0567e-06,-5.2931e-08,1.2106,1.3
4.1916e-06,-5.8259e-08,1.2584,1.4
4.2978e-06,-6.3864e-08,1.2975,1.5
4.3711e-06,-6.9784e-08,1.3267,1.6
4.4444e-06,-7.5704e-08,1.3559,1.7
4.5177e-06,-8.1624e-08,1.3851,1.8
4.591e-06,-8.7544e-08,1.4144,1.9
4.6643e-06,-9.3464e-08,1.4436,2.0
4.7376e-06,-9.9384e-08,1.4728,2.1
4.8109e-06,-1.053e-07,1.502,2.2
4.8664e-06,-1.1139e-07,1.5258,2.3
4.908e-06,-1.1761e-07,1.5451,2.4
4.9496e-06,-1.2383e-07,1.5645,2.5
4.9911e-06,-1.3005e-07,1.5839,2.6
5.0327e-06,-1.3627e-07,1.6032,2.7
5.0743e-06,-1.4249e-07,1.6226,2.8
5.1159e-06,-1.4871e-07,1.642,2.9
5.1574e-06,-1.5493e-07,1.6613,3.0
5.199e-06,-1.6115e-07,1.6807,3.1
5.2406e-06,-1.6737e-07,1.7001,3.2
5.2758e-06,-1.7359e-07,1.7174,3.3
5.2989e-06,-1.7982e-07,1.7309,3.4
5.322e-06,-1.8605e-07,1.7444,3.5
5.3451e-06,-1.9227e-07,1.7579,3.6
5.3682e-06,-1.985e-07,1.7714,3.7
5.3913e-06,-2.0472e-07,1.7849,3.8
5.4145e-06,-2.1095e-07,1.7984,3.9
5.4376e-06,-2.1718e-07,1.8119,4.0
5.4607e-06,-2.234e-07,1.8254,4.1
5.4838e-06,-2.2963e-07,1.8389,4.2
5.5069e-06,-2.3585e-07,1.8524,4.3
5.53e-06,-2.4208e-07,1.8659,4.4
5.5532e-06,-2.4831e-07,1.8794,4.5
5.5745e-06,-2.545e-07,1.8923,4.6
5.5862e-06,-2.605e-07,1.902,4.7
5.5979e-06,-2.6651e-07,1.9117,4.8
5.6096e-06,-2.7252e-07,1.9215,4.9
5.6214e-06,-2.7852e-07,1.9312,5.0
5.6331e-06,-2.8453e-07,1.9409,5.1
5.6448e-06,-2.9054e-07,1.9507,5.2
5.6565e-06,-2.9654e-07,1.9604,5.3
5.6682e-06,-3.0255e-07,1.9701,5.4
5.68e-06,-3.0856e-07,1.9799,5.5
5.6917e-06,-3.1456e-07,1.9896,5.6
5.7034e-06,-3.2057e-07,1.9993,5.7
5.7151e-06,-3.2658e-07,2.009,5.8
5.7268e-06,-3.3258e-07,2.0188,5.9
5.7386e-06,-3.3859e-07,2.0285,6.0
5.7503e-06,-3.4459e-07,2.0382,6.1
5.762e-06,-3.506e-07,2.048,6.2
5.7728e-06,-3.5656e-07,2.0574,6.3
5.7775e-06,-3.6218e-07,2.0646,6.4
5.7821e-06,-3.6781e-07,2.0718,6.5
5.7868e-06,-3.7343e-07,2.0789,6.6
5.7914e-06,-3.7905e-07,2.0861,6.7
5.7961e-06,-3.8468e-07,2.0933,6.8
5.8007e-06,-3.903e-07,2.1005,6.9
5.8054e-06,-3.9592e-07,2.1077,7.0
5.81e-06,-4.0155e-07,2.1148,7.1
5.8146e-06,-4.0717e-07,2.122,7.2
5.8193e-06,-4.1279e-07,2.1292,7.3
5.8239e-06,-4.1842e-07,2.1364,7.4
5.8286e-06,-4.2404e-07,2.1436,7.5
5.8332e-06,-4.2966e-07,2.1508,7.6
5.8379e-06,-4.3529e-07,2.1579,7.7
5.8425e-06,-4.4091e-07,2.1651,7.8
5.8471e-06,-4.4653e-07,2.1723,7.9
5.8518e-06,-4.5216e-07,2.1795,8.0
5.8564e-06,-4.5778e-07,2.1867,8.1
5.8611e-06,-4.634e-07,2.1939,8.2
5.8657e-06,-4.6903e-07,2.201,8.3
5.8704e-06,-4.7465e-07,2.2082,8.4
5.8745e-06,-4.8022e-07,2.2152,8.5
5.8751e-06,-4.8538e-07,2.2206,8.6
5.8757e-06,-4.9054e-07,2.226,8.7
5.8763e-06,-4.957e-07,2.2314,8.8
5.8769e-06,-5.0086e-07,2.2368,8.9
5.8775e-06,-5.0602e-07,2.2421,9.0
5.8781e-06,-5.1118e-07,2.2475,9.1
5.8787e-06,-5.1634e-07,2.2529,9.2
5.8793e-06,-5.215e-07,2.2583,9.3
5.8799e-06,-5.2666e-07,2.2637,9.4
5.8805e-06,-5.3182e-07,2.2691,9.5
5.8811e-06,-5.3698e-07,2.2745,9.6
5.8817e-06,-5.4214e-07,2.2799,9.7
5.8823e-06,-5.473e-07,2.2853,9.8
5.8829e-06,-5.5246e-07,2.2907,9.9
5.8835e-06,-5.5762e-07,2.2961,10.0
5.8841e-06,-5.6278e-07,2.3015,10.1
5.8847e-06,-5.6794e-07,2.3069,10.2
5.8853e-06,-5.731e-07,2.3123,10.3
5.8859e-06,-5.7826e-07,2.3176,10.4
5.8865e-06,-5.8342e-07,2.323,10.5
5.8871e-06,-5.8858e-07,2.3284,10.6
5.8877e-06,-5.9374e-07,2.3338,10.7
5.8883e-06,-5.989e-07,2.3392,10.8
5.8889e-06,-6.0406e-07,2.3446,10.9
5.8895e-06,-6.0922e-07,2.35,11.0
5.8901e-06,-6.1438e-07,2.3554,11.1
5.8907e-06,-6.1954e-07,2.3608,11.2
5.8912e-06,-6.247e-07,2.3662,11.3
5.8908e-06,-6.294e-07,2.3705,11.4
5.89e-06,-6.3391e-07,2.3744,11.5
5.8891e-06,-6.3841e-07,2.3783,11.6
5.8883e-06,-6.4291e-07,2.3822,11.7
5.8874e-06,-6.4742e-07,2.3861,11.8
5.8865e-06,-6.5192e-07,2.39,11.9
5.8857e-06,-6.5643e-07,2.3939,12.0
5.8848e-06,-6.6093e-07,2.3977,12.1
5.884e-06,-6.6544e-07,2.4016,12.2
5.8831e-06,-6.6994e-07,2.4055,12.3
5.8823e-06,-6.7445e-07,2.4094,12.4
5.8814e-06,-6.7895e-07,2.4133,12.5
5.8806e-06,-6.8346e-07,2.4172,12.6
5.8797e-06,-6.8796e-07,2.4211,12.7
5.8788e-06,-6.9246e-07,2.425,12.8
5.878e-06,-6.9697e-07,2.4289,12.9
5.8771e-06,-7.0147e-07,2.4327,13.0
5.8763e-06,-7.0598e-07,2.4366,13.1
5.8754e-06,-7.1048e-07,2.4405,13.2
5.8746e-06,-7.1499e-07,2.4444,13.3
5.8737e-06,-7.1949e-07,2.4483,13.4
5.8729e-06,-7.24e-07,2.4522,13.5
5.872e-06,-7.285e-07,2.4561,13.6
5.8711e-06,-7.3301e-07,2.46,13.7
5.8703e-06,-7.3751e-07,2.4639,13.8
5.8694e-06,-7.4201e-07,2.4678,13.9
5.8686e-06,-7.4652e-07,2.4716,14.0
5.8677e-06,-7.5102e-07,2.4755,14.1
5.8669e-06,-7.5553e-07,2.4794,14.2
5.866e-06,-7.6003e-07,2.4833,14.3
5.8651e-06,-7.6454e-07,2.4872,14.4
5.8643e-06,-7.6904e-07,2.4911,14.5
5.8634e-06,-7.7355e-07,2.495,14.6
5.8626e-06,-7.7805e-07,2.4989,14.7
5.8617e-06,-7.8256e-07,2.5028,14.8
5.8609e-06,-7.8706e-07,2.5066,14.9
5.86e-06,-7.9156e-07,2.5105,15.0
5.8596e-06,-7.9609e-07,2.5137,15.1
5.8592e-06,-8.0062e-07,2.5169,15.2
5.8588e-06,-8.0515e-07,2.52,15.3
5.8584e-06,-8.0968e-07,2.5232,15.4
5.858e-06,-8.1421e-07,2.5264,15.5
5.8576e-06,-8.1874e-07,2.5295,15.6
5.8572e-06,-8.2327e-07,2.5327,15.7
5.8568e-06,-8.278e-07,2.5359,15.8
5.8564e-06,-8.3233e-07,2.5391,15.9
5.856e-06,-8.3686e-07,2.5422,16.0
5.8556e-06,-8.4139e-07,2.5454,16.1
5.8552e-06,-8.4592e-07,2.5486,16.2
5.8548e-06,-8.5045e-07,2.5517,16.3
5.8544e-06,-8.5498e-07,2.5549,16.4
5.854e-06,-8.595e-07,2.5581,16.5
5.8536e-06,-8.6403e-07,2.5612,16.6
5.8532e-06,-8.6856e-07,2.5644,16.7
5.8528e-06,-8.7309e-07,2.5676,16.8
5.8524e-06,-8.7762e-07,2.5707,16.9
5.852e-06,-8.8215e-07,2.5739,17.0
5.8516e-06,-8.8668e-07,2.5771,17.1
5.8512e-06,-8.9121e-07,2.5802,17.2
5.8508e-06,-8.9574e-07,2.5834,17.3
5.8504e-06,-9.0027e-07,2.5866,17.4
5.85e-06,-9.048e-07,2.5897,17.5
5.8496e-06,-9.0933e-07,2.5929,17.6
5.8492e-06,-9.1386e-07,2.5961,17.7
5.8488e-06,-9.1839e-07,2.5992,17.8
5.8484e-06,-9.2292e-07,2.6024,17.9
5.848e-06,-9.2745e-07,2.6056,18.0
5.8476e-06,-9.3197e-07,2.6087,18.1
5.8472e-06,-9.365e-07,2.6119,18.2
5.8468e-06,-9.4103e-07,2.6151,18.3
5.8464e-06,-9.4556e-07,2.6183,18.4
5.846e-06,-9.5009e-07,2.6214,18.5
5.8456e-06,-9.5462e-07,2.6246,18.6
5.8452e-06,-9.5915e-07,2.6278,18.7
5.8448e-06,-9.6368e-07,2.6309,18.8
5.845e-06,-9.6831e-07,2.6339,18.9
5.8464e-06,-9.7313e-07,2.6365,19.0
5.8477e-06,-9.7794e-07,2.6392,19.1
5.8491e-06,-9.8276e-07,2.6418,19.2
5.8504e-06,-9.8757e-07,2.6444,19.3
5.8518e-06,-9.9239e-07,2.6471,19.4
5.8532e-06,-9.972e-07,2.6497,19.5
5.8545e-06,-1.002e-06,2.6523,19.6
5.8559e-06,-1.0068e-06,2.655,19.7
5.8572e-06,-1.0116e-06,2.6576,19.8
5.8586e-06,-1.0165e-06,2.6602,19.9
5.8599e-06,-1.0213e-06,2.6628,20.0
5.8613e-06,-1.0261e-06,2.6655,20.1
5.8626e-06,-1.0309e-06,2.6681,20.2
5.864e-06,-1.0357e-06,2.6707,20.3
5.8653e-06,-1.0405e-06,2.6734,20.4
5.8667e-06,-1.0453e-06,2.676,20.5
5.868e-06,-1.0502e-06,2.6786,20.6
5.8694e-06,-1.055e-06,2.6813,20.7
5.8707e-06,-1.0598e-06,2.6839,20.8
5.8721e-06,-1.0646e-06,2.6865,20.9
5.8735e-06,-1.0694e-06,2.6892,21.0
5.8748e-06,-1.0742e-06,2.6918,21.1
5.8762e-06,-1.079e-06,2.6944,21.2
5.8775e-06,-1.0839e-06,2.6971,21.3
5.8789e-06,-1.0887e-06,2.6997,21.4
5.8802e-06,-1.0935e-06,2.7023,21.5
5.8816e-06,-1.0983e-06,2.705,21.6
5.8829e-06,-1.1031e-06,2.7076,21.7
5.8843e-06,-1.1079e-06,2.7102,21.8
5.8856e-06,-1.1128e-06,2.7129,21.9
5.887e-06,-1.1176e-06,2.7155,22.0
5.8883e-06,-1.1224e-06,2.7181,22.1
5.8897e-06,-1.1272e-06,2.7208,22.2
5.891e-06,-1.132e-06,2.7234,22.3
5.8924e-06,-1.1368e-06,2.726,22.4
5.8937e-06,-1.1416e-06,2.7287,22.5
5.8951e-06,-1.1465e-06,2.7313,22.6
5.8965e-06,-1.1513e-06,2.7339,22.7
5.8993e-06,-1.1565e-06,2.7363,22.8
5.9028e-06,-1.162e-06,2.7385,22.9
5.9062e-06,-1.1674e-06,2.7407,23.0
5.9096e-06,-1.1728e-06,2.7429,23.1
5.913e-06,-1.1783e-06,2.7452,23.2
5.9165e-06,-1.1837e-06,2.7474,23.3
5.9199e-06,-1.1892e-06,2.7496,23.4
5.9233e-06,-1.1946e-06,2.7519,23.5
5.9268e-06,-1.2e-06,2.7541,23.6
5.9302e-06,-1.2055e-06,2.7563,23.7
5.9336e-06,-1.2109e-06,2.7586,23.8
5.9371e-06,-1.2163e-06,2.7608,23.9
5.9405e-06,-1.2218e-06,2.763,24.0
5.9439e-06,-1.2272e-06,2.7652,24.1
5.9474e-06,-1.2327e-06,2.7675,24.2
5.9508e-06,-1.2381e-06,2.7697,24.3
5.9542e-06,-1.2435e-06,2.7719,24.4
5.9576e-06,-1.249e-06,2.7742,24.5
5.9611e-06,-1.2544e-06,2.7764,24.6
5.9645e-06,-1.2599e-06,2.7786,24.7
5.9679e-06,-1.2653e-06,2.7808,24.8
5.9714e-06,-1.2707e-06,2.7831,24.9
5.9748e-06,-1.2762e-06,2.7853,25.0
5.9782e-06,-1.2816e-06,2.7875,25.1
5.9817e-06,-1.287e-06,2.7898,25.2
5.9851e-06,-1.2925e-06,2.792,25.3
5.9885e-06,-1.2979e-06,2.7942,25.4
5.992e-06,-1.3034e-06,2.7965,25.5
5.9954e-06,-1.3088e-06,2.7987,25.6
5.9988e-06,-1.3142e-06,2.8009,25.7
6.0022e-06,-1.3197e-06,2.8031,25.8
6.0057e-06,-1.3251e-06,2.8054,25.9
6.0091e-06,-1.3305e-06,2.8076,26.0
6.0125e-06,-1.336e-06,2.8098,26.1
6.016e-06,-1.3414e-06,2.8121,26.2
6.0194e-06,-1.3469e-06,2.8143,26.3
6.0228e-06,-1.3523e-06,2.8165,26.4
6.0263e-06,-1.3577e-06,2.8188,26.5
6.0298e-06,-1.3633e-06,2.821,26.6
6.0349e-06,-1.3698e-06,2.8229,26.7
6.0399e-06,-1.3762e-06,2.8248,26.8
6.045e-06,-1.3827e-06,2.8268,26.9
6.05e-06,-1.3892e-06,2.8287,27.0
6.055e-06,-1.3957e-06,2.8306,27.1
6.0601e-06,-1.4022e-06,2.8326,27.2
6.0651e-06,-1.4087e-06,2.8345,27.3
6.0702e-06,-1.4152e-06,2.8364,27.4
6.0752e-06,-1.4217e-06,2.8383,27.5
6.0802e-06,-1.4282e-06,2.8403,27.6
6.0853e-06,-1.4347e-06,2.8422,27.7
6.0903e-06,-1.4412e-06,2.8441,27.8
6.0954e-06,-1.4476e-06,2.8461,27.9
6.1004e-06,-1.4541e-06,2.848,28.0
6.1054e-06,-1.4606e-06,2.8499,28.1
6.1105e-06,-1.4671e-06,2.8519,28.2
6.1155e-06,-1.4736e-06,2.8538,28.3
6.1205e-06,-1.4801e-06,2.8557,28.4
6.1256e-06,-1.4866e-06,2.8577,28.5
6.1306e-06,-1.4931e-06,2.8596,28.6
6.1357e-06,-1.4996e-06,2.8615,28.7
6.1407e-06,-1.5061e-06,2.8635,28.8
6.1457e-06,-1.5126e-06,2.8654,28.9
6.1508e-06,-1.519e-06,2.8673,29.0
6.1558e-06,-1.5255e-06,2.8693,29.1
6.1609e-06,-1.532e-06,2.8712,29.2
6.1659e-06,-1.5385e-06,2.8731,29.3
6.1709e-06,-1.545e-06,2.8751,29.4
6.176e-06,-1.5515e-06,2.877,29.5
6.181e-06,-1.558e-06,2.8789,29.6
6.1861e-06,-1.5645e-06,2.8809,29.7
6.1911e-06,-1.571e-06,2.8828,29.8
6.1961e-06,-1.5775e-06,2.8847,29.9
6.2012e-06,-1.584e-06,2.8867,30.0
6.2062e-06,-1.5905e-06,2.8886,30.1
6.2113e-06,-1.5969e-06,2.8905,30.2
6.2163e-06,-1.6034e-06,2.8925,30.3
6.2213e-06,-1.6099e-06,2.8944,30.4
6.2267e-06,-1.6171e-06,2.8962,30.5
6.2325e-06,-1.6251e-06,2.8979,30.6
6.2382e-06,-1.633e-06,2.8996,30.7
6.244e-06,-1.641e-06,2.9013,30.8
6.2497e-06,-1.649e-06,2.9031,30.9
6.2555e-06,-1.6569e-06,2.9048,31.0
6.2612e-06,-1.6649e-06,2.9065,31.1
6.267e-06,-1.6729e-06,2.9082,31.2
6.2727e-06,-1.6808e-06,2.9099,31.3
6.2785e-06,-1.6888e-06,2.9116,31.4
6.2842e-06,-1.6968e-06,2.9133,31.5
6.29e-06,-1.7047e-06,2.915,31.6
6.2957e-06,-1.7127e-06,2.9167,31.7
6.3015e-06,-1.7207e-06,2.9184,31.8
6.3072e-06,-1.7286e-06,2.9201,31.9
6.313e-06,-1.7366e-06,2.9218,32.0
6.3187e-06,-1.7446e-06,2.9235,32.1
6.3245e-06,-1.7525e-06,2.9252,32.2
6.3302e-06,-1.7605e-06,2.9269,32.3
6.336e-06,-1.7685e-06,2.9286,32.4
6.3417e-06,-1.7764e-06,2.9303,32.5
6.3475e-06,-1.7844e-06,2.932,32.6
6.3532e-06,-1.7924e-06,2.9337,32.7
6.359e-06,-1.8003e-06,2.9354,32.8
6.3647e-06,-1.8083e-06,2.9371,32.9
6.3705e-06,-1.8163e-06,2.9388,33.0
6.3762e-06,-1.8242e-06,2.9406,33.1
6.382e-06,-1.8322e-06,2.9423,33.2
6.3877e-06,-1.8402e-06,2.944,33.3
6.3935e-06,-1.8481e-06,2.9457,33.4
6.3992e-06,-1.8561e-06,2.9474,33.5
6.405e-06,-1.8641e-06,2.9491,33.6
6.4107e-06,-1.872e-06,2.9508,33.7
6.4165e-06,-1.88e-06,2.9525,33.8
6.4223e-06,-1.888e-06,2.9542,33.9
6.428e-06,-1.8959e-06,2.9559,34.0
6.4338e-06,-1.9039e-06,2.9576,34.1
6.4395e-06,-1.9119e-06,2.9593,34.2
6.4453e-06,-1.9199e-06,2.961,34.3
6.4508e-06,-1.9293e-06,2.9626,34.4
6.4563e-06,-1.9391e-06,2.9641,34.5
6.4618e-06,-1.9488e-06,2.9656,34.6
6.4673e-06,-1.9586e-06,2.9671,34.7
6.4728e-06,-1.9684e-06,2.9687,34.8
6.4783e-06,-1.9782e-06,2.9702,34.9
6.4838e-06,-1.9879e-06,2.9717,35.0
6.4893e-06,-1.9977e-06,2.9732,35.1
6.4948e-06,-2.0075e-06,2.9747,35.2
6.5003e-06,-2.0172e-06,2.9763,35.3
6.5058e-06,-2.027e-06,2.9778,35.4
6.5113e-06,-2.0368e-06,2.9793,35.5
6.5168e-06,-2.0466e-06,2.9808,35.6
6.5223e-06,-2.0563e-06,2.9824,35.7
6.5278e-06,-2.0661e-06,2.9839,35.8
6.5333e-06,-2.0759e-06,2.9854,35.9
6.5388e-06,-2.0856e-06,2.9869,36.0
6.5444e-06,-2.0954e-06,2.9884,36.1
6.5499e-06,-2.1052e-06,2.99,36.2
6.5554e-06,-2.115e-06,2.9915,36.3
6.5609e-06,-2.1247e-06,2.993,36.4
6.5664e-06,-2.1345e-06,2.9945,36.5
6.5719e-06,-2.1443e-06,2.9961,36.6
6.5774e-06,-2.154e-06,2.9976,36.7
6.5829e-06,-2.1638e-06,2.9991,36.8
6.5884e-06,-2.1736e-06,3.0006,36.9
6.5939e-06,-2.1834e-06,3.0021,37.0
6.5994e-06,-2.1931e-06,3.0037,37.1
6.6049e-06,-2.2029e-06,3.0052,37.2
6.6104e-06,-2.2127e-06,3.0067,37.3
6.6159e-06,-2.2224e-06,3.0082,37.4
6.6214e-06,-2.2322e-06,3.0098,37.5
6.6269e-06,-2.242e-06,3.0113,37.6
6.6324e-06,-2.2517e-06,3.0128,37.7
6.6379e-06,-2.2615e-06,3.0143,37.8
6.6434e-06,-2.2713e-06,3.0158,37.9
6.6489e-06,-2.2811e-06,3.0174,38.0
6.6544e-06,-2.2908e-06,3.0189,38.1
6.6597e-06,-2.301e-06,3.0204,38.2
6.6642e-06,-2.3127e-06,3.0218,38.3
6.6686e-06,-2.3245e-06,3.0231,38.4
6.673e-06,-2.3362e-06,3.0245,38.5
6.6775e-06,-2.348e-06,3.0259,38.6
6.6819e-06,-2.3597e-06,3.0273,38.7
6.6864e-06,-2.3715e-06,3.0286,38.8
6.6908e-06,-2.3832e-06,3.03,38.9
6.6953e-06,-2.395e-06,3.0314,39.0
6.6997e-06,-2.4067e-06,3.0327,39.1
6.7041e-06,-2.4185e-06,3.0341,39.2
6.7086e-06,-2.4302e-06,3.0355,39.3
6.713e-06,-2.442e-06,3.0369,39.4
6.7175e-06,-2.4537e-06,3.0382,39.5
6.7219e-06,-2.4655e-06,3.0396,39.6
6.7263e-06,-2.4772e-06,3.041,39.7
6.7308e-06,-2.489e-06,3.0424,39.8
6.7352e-06,-2.5007e-06,3.0437,39.9
6.7397e-06,-2.5125e-06,3.0451,40.0
6.7441e-06,-2.5242e-06,3.0465,40.1
6.7486e-06,-2.536e-06,3.0478,40.2
6.753e-06,-2.5478e-06,3.0492,40.3
6.7574e-06,-2.5595e-06,3.0506,40.4
6.7619e-06,-2.5713e-06,3.052,40.5
6.7663e-06,-2.583e-06,3.0533,40.6
6.7708e-06,-2.5948e-06,3.0547,40.7
6.7752e-06,-2.6065e-06,3.0561,40.8
6.7796e-06,-2.6183e-06,3.0575,40.9
6.7841e-06,-2.63e-06,3.0588,41.0
6.7885e-06,-2.6418e-06,3.0602,41.1
6.793e-06,-2.6535e-06,3.0616,41.2
6.7974e-06,-2.6653e-06,3.063,41.3
6.8019e-06,-2.677e-06,3.0643,41.4
6.8063e-06,-2.6888e-06,3.0657,41.5
6.8107e-06,-2.7005e-06,3.0671,41.6
6.8152e-06,-2.7123e-06,3.0684,41.7
6.8196e-06,-2.724e-06,3.0698,41.8
6.8241e-06,-2.7358e-06,3.0712,41.9
6.8285e-06,-2.7475e-06,3.0726,42.0
6.8321e-06,-2.7604e-06,3.0739,42.1
6.8348e-06,-2.7741e-06,3.0751,42.2
6.8376e-06,-2.7879e-06,3.0764,42.3
6.8404e-06,-2.8016e-06,3.0776,42.4
6.8432e-06,-2.8154e-06,3.0789,42.5
6.846e-06,-2.8291e-06,3.0801,42.6
6.8488e-06,-2.8429e-06,3.0814,42.7
6.8516e-06,-2.8566e-06,3.0826,42.8
6.8544e-06,-2.8704e-06,3.0839,42.9
6.8572e-06,-2.8842e-06,3.0851,43.0
6.86e-06,-2.8979e-06,3.0863,43.1
6.8627e-06,-2.9117e-06,3.0876,43.2
6.8655e-06,-2.9254e-06,3.0888,43.3
6.8683e-06,-2.9392e-06,3.0901,43.4
6.8711e-06,-2.9529e-06,3.0913,43.5
6.8739e-06,-2.9667e-06,3.0926,43.6
6.8767e-06,-2.9804e-06,3.0938,43.7
6.8795e-06,-2.9942e-06,3.0951,43.8
6.8823e-06,-3.0079e-06,3.0963,43.9
6.8851e-06,-3.0217e-06,3.0976,44.0
6.8879e-06,-3.0354e-06,3.0988,44.1
6.8906e-06,-3.0492e-06,3.1001,44.2
6.8934e-06,-3.063e-06,3.1013,44.3
6.8962e-06,-3.0767e-06,3.1026,44.4
6.899e-06,-3.0905e-06,3.1038,44.5
6.9018e-06,-3.1042e-06,3.1051,44.6
6.9046e-06,-3.118e-06,3.1063,44.7
6.9074e-06,-3.1317e-06,3.1076,44.8
6.9102e-06,-3.1455e-06,3.1088,44.9
6.913e-06,-3.1592e-06,3.1101,45.0
6.9158e-06,-3.173e-06,3.1113,45.1
6.9185e-06,-3.1867e-06,3.1126,45.2
6.9213e-06,-3.2005e-06,3.1138,45.3
6.9241e-06,-3.2142e-06,3.115,45.4
6.9269e-06,-3.228e-06,3.1163,45.5
6.9297e-06,-3.2418e-06,3.1175,45.6
6.9325e-06,-3.2555e-06,3.1188,45.7
6.9353e-06,-3.2693e-06,3.12,45.8
6.9381e-06,-3.283e-06,3.1213,45.9
6.939e-06,-3.2985e-06,3.1224,46.0
6.9398e-06,-3.3141e-06,3.1236,46.1
6.9406e-06,-3.3297e-06,3.1247,46.2
6.9413e-06,-3.3454e-06,3.1259,46.3
6.9421e-06,-3.361e-06,3.127,46.4
6.9429e-06,-3.3766e-06,3.1281,46.5
6.9436e-06,-3.3923e-06,3.1293,46.6
6.9444e-06,-3.4079e-06,3.1304,46.7
6.9452e-06,-3.4235e-06,3.1316,46.8
6.9459e-06,-3.4392e-06,3.1327,46.9
6.9467e-06,-3.4548e-06,3.1338,47.0
6.9475e-06,-3.4704e-06,3.135,47.1
6.9482e-06,-3.4861e-06,3.1361,47.2
6.949e-06,-3.5017e-06,3.1373,47.3
6.9497e-06,-3.5173e-06,3.1384,47.4
6.9505e-06,-3.5329e-06,3.1395,47.5
6.9513e-06,-3.5486e-06,3.1407,47.6
6.952e-06,-3.5642e-06,3.1418,47.7
6.9528e-06,-3.5798e-06,3.143,47.8
6.9536e-06,-3.5955e-06,3.1441,47.9
6.9543e-06,-3.6111e-06,3.1453,48.0
6.9551e-06,-3.6267e-06,3.1464,48.1
6.9559e-06,-3.6424e-06,3.1475,48.2
6.9566e-06,-3.658e-06,3.1487,48.3
6.9574e-06,-3.6736e-06,3.1498,48.4
6.9582e-06,-3.6893e-06,3.151,48.5
6.9589e-06,-3.7049e-06,3.1521,48.6
6.9597e-06,-3.7205e-06,3.1532,48.7
6.9605e-06,-3.7361e-06,3.1544,48.8
6.9612e-06,-3.7518e-06,3.1555,48.9
6.962e-06,-3.7674e-06,3.1567,49.0
6.9628e-06,-3.783e-06,3.1578,49.1
6.9635e-06,-3.7987e-06,3.1589,49.2
6.9643e-06,-3.8143e-06,3.1601,49.3
6.9651e-06,-3.8299e-06,3.1612,49.4
6.9658e-06,-3.8456e-06,3.1624,49.5
6.9666e-06,-3.8612e-06,3.1635,49.6
6.9674e-06,-3.8768e-06,3.1646,49.7
6.9675e-06,-3.8929e-06,3.1658,49.8
6.9661e-06,-3.9102e-06,3.1668,49.9
6.9646e-06,-3.9275e-06,3.1679,50.0
6.9631e-06,-3.9447e-06,3.1689,50.1
6.9617e-06,-3.962e-06,3.1699,50.2
6.9602e-06,-3.9793e-06,3.171,50.3
6.9588e-06,-3.9966e-06,3.172,50.4
6.9573e-06,-4.0138e-06,3.1731,50.5
6.9558e-06,-4.0311e-06,3.1741,50.6
6.9544e-06,-4.0484e-06,3.1752,50.7
6.9529e-06,-4.0657e-06,3.1762,50.8
6.9515e-06,-4.0829e-06,3.1773,50.9
6.95e-06,-4.1002e-06,3.1783,51.0
6.9486e-06,-4.1175e-06,3.1794,51.1
6.9471e-06,-4.1348e-06,3.1804,51.2
6.9456e-06,-4.152e-06,3.1815,51.3
6.9442e-06,-4.1693e-06,3.1825,51.4
6.9427e-06,-4.1866e-06,3.1836,51.5
6.9413e-06,-4.2039e-06,3.1846,51.6
6.9398e-06,-4.2211e-06,3.1857,51.7
6.9383e-06,-4.2384e-06,3.1867,51.8
6.9369e-06,-4.2557e-06,3.1878,51.9
6.9354e-06,-4.2729e-06,3.1888,52.0
6.934e-06,-4.2902e-06,3.1899,52.1
6.9325e-06,-4.3075e-06,3.1909,52.2
6.9311e-06,-4.3248e-06,3.192,52.3
6.9296e-06,-4.342e-06,3.193,52.4
6.9281e-06,-4.3593e-06,3.194,52.5
6.9267e-06,-4.3766e-06,3.1951,52.6
6.9252e-06,-4.3939e-06,3.1961,52.7
6.9238e-06,-4.4111e-06,3.1972,52.8
6.9223e-06,-4.4284e-06,3.1982,52.9
6.9208e-06,-4.4457e-06,3.1993,53.0
6.9194e-06,-4.463e-06,3.2003,53.1
6.9179e-06,-4.4802e-06,3.2014,53.2
6.9165e-06,-4.4975e-06,3.2024,53.3
6.915e-06,-4.5148e-06,3.2035,53.4
6.9136e-06,-4.5321e-06,3.2045,53.5
6.9121e-06,-4.5493e-06,3.2056,53.6
6.9092e-06,-4.5675e-06,3.2066,53.7
6.9054e-06,-4.5861e-06,3.2075,53.8
6.9017e-06,-4.6048e-06,3.2085,53.9
6.8979e-06,-4.6235e-06,3.2095,54.0
6.8941e-06,-4.6421e-06,3.2104,54.1
6.8904e-06,-4.6608e-06,3.2114,54.2
6.8866e-06,-4.6794e-06,3.2124,54.3
6.8829e-06,-4.6981e-06,3.2133,54.4
6.8791e-06,-4.7167e-06,3.2143,54.5
6.8753e-06,-4.7354e-06,3.2153,54.6
6.8716e-06,-4.754e-06,3.2162,54.7
6.8678e-06,-4.7727e-06,3.2172,54.8
6.8641e-06,-4.7913e-06,3.2182,54.9
6.8603e-06,-4.81e-06,3.2191,55.0
6.8565e-06,-4.8287e-06,3.2201,55.1
6.8528e-06,-4.8473e-06,3.2211,55.2
6.849e-06,-4.866e-06,3.222,55.3
6.8453e-06,-4.8846e-06,3.223,55.4
6.8415e-06,-4.9033e-06,3.224,55.5
6.8377e-06,-4.9219e-06,3.2249,55.6
6.834e-06,-4.9406e-06,3.2259,55.7
6.8302e-06,-4.9592e-06,3.2269,55.8
6.8265e-06,-4.9779e-06,3.2278,55.9
6.8227e-06,-4.9965e-06,3.2288,56.0
6.8189e-06,-5.0152e-06,3.2298,56.1
6.8152e-06,-5.0338e-06,3.2307,56.2
6.8114e-06,-5.0525e-06,3.2317,56.3
6.8077e-06,-5.0712e-06,3.2326,56.4
6.8039e-06,-5.0898e-06,3.2336,56.5
6.8001e-06,-5.1085e-06,3.2346,56.6
6.7964e-06,-5.1271e-06,3.2355,56.7
6.7926e-06,-5.1458e-06,3.2365,56.8
6.7889e-06,-5.1644e-06,3.2375,56.9
6.7851e-06,-5.1831e-06,3.2384,57.0
6.7813e-06,-5.2017e-06,3.2394,57.1
6.7776e-06,-5.2204e-06,3.2404,57.2
6.7738e-06,-5.239e-06,3.2413,57.3
6.7701e-06,-5.2577e-06,3.2423,57.4
6.7663e-06,-5.2764e-06,3.2433,57.5
6.7602e-06,-5.296e-06,3.2442,57.6
6.7541e-06,-5.3157e-06,3.2451,57.7
6.7481e-06,-5.3353e-06,3.246,57.8
6.742e-06,-5.355e-06,3.2468,57.9
6.7359e-06,-5.3747e-06,3.2477,58.0
6.7298e-06,-5.3943e-06,3.2486,58.1
6.7237e-06,-5.414e-06,3.2495,58.2
6.7177e-06,-5.4337e-06,3.2504,58.3
6.7116e-06,-5.4533e-06,3.2513,58.4
6.7055e-06,-5.473e-06,3.2522,58.5
6.6994e-06,-5.4926e-06,3.2531,58.6
6.6933e-06,-5.5123e-06,3.254,58.7
6.6872e-06,-5.532e-06,3.2549,58.8
6.6812e-06,-5.5516e-06,3.2558,58.9
6.6751e-06,-5.5713e-06,3.2567,59.0
6.669e-06,-5.591e-06,3.2576,59.1
6.6629e-06,-5.6106e-06,3.2585,59.2
6.6568e-06,-5.6303e-06,3.2594,59.3
6.6508e-06,-5.6499e-06,3.2602,59.4
6.6447e-06,-5.6696e-06,3.2611,59.5
6.6386e-06,-5.6893e-06,3.262,59.6
6.6325e-06,-5.7089e-06,3.2629,59.7
6.6264e-06,-5.7286e-06,3.2638,59.8
6.6203e-06,-5.7483e-06,3.2647,59.9
6.6143e-06,-5.7679e-06,3.2656,60.0
6.6082e-06,-5.7876e-06,3.2665,60.1
6.6021e-06,-5.8073e-06,3.2674,60.2
6.596e-06,-5.8269e-06,3.2683,60.3
6.5899e-06,-5.8466e-06,3.2692,60.4
6.5839e-06,-5.8662e-06,3.2701,60.5
6.5778e-06,-5.8859e-06,3.271,60.6
6.5717e-06,-5.9056e-06,3.2719,60.7
6.5656e-06,-5.9252e-06,3.2728,60.8
6.5595e-06,-5.9449e-06,3.2736,60.9
6.5534e-06,-5.9646e-06,3.2745,61.0
6.5474e-06,-5.9842e-06,3.2754,61.1
6.5413e-06,-6.0039e-06,3.2763,61.2
6.5352e-06,-6.0235e-06,3.2772,61.3
6.5283e-06,-6.0434e-06,3.2781,61.4
6.5198e-06,-6.0637e-06,3.2789,61.5
6.5114e-06,-6.0839e-06,3.2797,61.6
6.503e-06,-6.1042e-06,3.2806,61.7
6.4946e-06,-6.1245e-06,3.2814,61.8
6.4861e-06,-6.1447e-06,3.2822,61.9
6.4777e-06,-6.165e-06,3.2831,62.0
6.4693e-06,-6.1853e-06,3.2839,62.1
6.4609e-06,-6.2055e-06,3.2847,62.2
6.4524e-06,-6.2258e-06,3.2855,62.3
6.444e-06,-6.246e-06,3.2864,62.4
6.4356e-06,-6.2663e-06,3.2872,62.5
6.4272e-06,-6.2866e-06,3.288,62.6
6.4187e-06,-6.3068e-06,3.2889,62.7
6.4103e-06,-6.3271e-06,3.2897,62.8
6.4019e-06,-6.3473e-06,3.2905,62.9
6.3935e-06,-6.3676e-06,3.2913,63.0
6.3851e-06,-6.3879e-06,3.2922,63.1
6.3766e-06,-6.4081e-06,3.293,63.2
6.3682e-06,-6.4284e-06,3.2938,63.3
6.3598e-06,-6.4486e-06,3.2947,63.4
6.3514e-06,-6.4689e-06,3.2955,63.5
6.3429e-06,-6.4892e-06,3.2963,63.6
6.3345e-06,-6.5094e-06,3.2971,63.7
6.3261e-06,-6.5297e-06,3.298,63.8
6.3177e-06,-6.55e-06,3.2988,63.9
6.3092e-06,-6.5702e-06,3.2996,64.0
6.3008e-06,-6.5905e-06,3.3005,64.1
6.2924e-06,-6.6107e-06,3.3013,64.2
6.284e-06,-6.631e-06,3.3021,64.3
6.2755e-06,-6.6513e-06,3.3029,64.4
6.2671e-06,-6.6715e-06,3.3038,64.5
6.2587e-06,-6.6918e-06,3.3046,64.6
6.2503e-06,-6.712e-06,3.3054,64.7
6.2418e-06,-6.7323e-06,3.3063,64.8
6.2334e-06,-6.7526e-06,3.3071,64.9
6.225e-06,-6.7728e-06,3.3079,65.0
6.2166e-06,-6.7931e-06,3.3087,65.1
6.2081e-06,-6.8133e-06,3.3096,65.2
6.198e-06,-6.8337e-06,3.3103,65.3
6.1872e-06,-6.8542e-06,3.3111,65.4
6.1763e-06,-6.8746e-06,3.3119,65.5
6.1655e-06,-6.8951e-06,3.3127,65.6
6.1547e-06,-6.9155e-06,3.3134,65.7
6.1439e-06,-6.9359e-06,3.3142,65.8
6.1331e-06,-6.9564e-06,3.315,65.9
6.1223e-06,-6.9768e-06,3.3157,66.0
6.1115e-06,-6.9973e-06,3.3165,66.1
6.1007e-06,-7.0177e-06,3.3173,66.2
6.0898e-06,-7.0381e-06,3.318,66.3
6.079e-06,-7.0586e-06,3.3188,66.4
6.0682e-06,-7.079e-06,3.3196,66.5
6.0574e-06,-7.0994e-06,3.3204,66.6
6.0466e-06,-7.1199e-06,3.3211,66.7
6.0358e-06,-7.1403e-06,3.3219,66.8
6.025e-06,-7.1608e-06,3.3227,66.9
6.0142e-06,-7.1812e-06,3.3234,67.0
6.0033e-06,-7.2016e-06,3.3242,67.1
5.9925e-06,-7.2221e-06,3.325,67.2
5.9817e-06,-7.2425e-06,3.3257,67.3
5.9709e-06,-7.263e-06,3.3265,67.4
5.9601e-06,-7.2834e-06,3.3273,67.5
5.9493e-06,-7.3038e-06,3.3281,67.6
5.9385e-06,-7.3243e-06,3.3288,67.7
5.9276e-06,-7.3447e-06,3.3296,67.8
5.9168e-06,-7.3652e-06,3.3304,67.9
5.906e-06,-7.3856e-06,3.3311,68.0
5.8952e-06,-7.406e-06,3.3319,68.1
5.8844e-06,-7.4265e-06,3.3327,68.2
5.8736e-06,-7.4469e-06,3.3334,68.3
5.8628e-06,-7.4674e-06,3.3342,68.4
5.852e-06,-7.4878e-06,3.335,68.5
5.8411e-06,-7.5082e-06,3.3358,68.6
5.8303e-06,-7.5287e-06,3.3365,68.7
5.8195e-06,-7.5491e-06,3.3373,68.8
5.8087e-06,-7.5696e-06,3.3381,68.9
5.7979e-06,-7.59e-06,3.3388,69.0
5.7869e-06,-7.6104e-06,3.3396,69.1
5.7735e-06,-7.6308e-06,3.3403,69.2
5.7602e-06,-7.6511e-06,3.341,69.3
5.7468e-06,-7.6715e-06,3.3417,69.4
5.7335e-06,-7.6918e-06,3.3425,69.5
5.7201e-06,-7.7122e-06,3.3432,69.6
5.7068e-06,-7.7325e-06,3.3439,69.7
5.6934e-06,-7.7528e-06,3.3446,69.8
5.6801e-06,-7.7732e-06,3.3453,69.9
5.6668e-06,-7.7935e-06,3.346,70.0
5.6534e-06,-7.8139e-06,3.3468,70.1
5.6401e-06,-7.8342e-06,3.3475,70.2
5.6267e-06,-7.8546e-06,3.3482,70.3
5.6134e-06,-7.8749e-06,3.3489,70.4
5.6e-06,-7.8953e-06,3.3496,70.5
5.5867e-06,-7.9156e-06,3.3503,70.6
5.5734e-06,-7.936e-06,3.3511,70.7
5.56e-06,-7.9563e-06,3.3518,70.8
5.5467e-06,-7.9767e-06,3.3525,70.9
5.5333e-06,-7.997e-06,3.3532,71.0
5.52e-06,-8.0174e-06,3.3539,71.1
5.5066e-06,-8.0377e-06,3.3546,71.2
5.4933e-06,-8.058e-06,3.3554,71.3
5.4799e-06,-8.0784e-06,3.3561,71.4
5.4666e-06,-8.0987e-06,3.3568,71.5
5.4533e-06,-8.1191e-06,3.3575,71.6
5.4399e-06,-8.1394e-06,3.3582,71.7
5.4266e-06,-8.1598e-06,3.3589,71.8
5.4132e-06,-8.1801e-06,3.3597,71.9
5.3999e-06,-8.2005e-06,3.3604,72.0
5.3865e-06,-8.2208e-06,3.3611,72.1
5.3732e-06,-8.2412e-06,3.3618,72.2
5.3599e-06,-8.2615e-06,3.3625,72.3
5.3465e-06,-8.2819e-06,3.3633,72.4
5.3332e-06,-8.3022e-06,3.364,72.5
5.3198e-06,-8.3225e-06,3.3647,72.6
5.3065e-06,-8.3429e-06,3.3654,72.7
5.2931e-06,-8.3632e-06,3.3661,72.8
5.2798e-06,-8.3836e-06,3.3668,72.9
5.2652e-06,-8.4037e-06,3.3675,73.0
5.249e-06,-8.4234e-06,3.3682,73.1
5.2329e-06,-8.4431e-06,3.3689,73.2
5.2168e-06,-8.4628e-06,3.3695,73.3
5.2006e-06,-8.4825e-06,3.3702,73.4
5.1845e-06,-8.5023e-06,3.3709,73.5
5.1684e-06,-8.522e-06,3.3715,73.6
5.1522e-06,-8.5417e-06,3.3722,73.7
5.1361e-06,-8.5614e-06,3.3729,73.8
5.12e-06,-8.5812e-06,3.3735,73.9
5.1038e-06,-8.6009e-06,3.3742,74.0
5.0877e-06,-8.6206e-06,3.3749,74.1
5.0716e-06,-8.6403e-06,3.3756,74.2
5.0554e-06,-8.6601e-06,3.3762,74.3
5.0393e-06,-8.6798e-06,3.3769,74.4
5.0232e-06,-8.6995e-06,3.3776,74.5
5.007e-06,-8.7192e-06,3.3782,74.6
4.9909e-06,-8.7389e-06,3.3789,74.7
4.9748e-06,-8.7587e-06,3.3796,74.8
4.9586e-06,-8.7784e-06,3.3802,74.9
4.9425e-06,-8.7981e-06,3.3809,75.0
4.9264e-06,-8.8178e-06,3.3816,75.1
4.9102e-06,-8.8376e-06,3.3822,75.2
4.8941e-06,-8.8573e-06,3.3829,75.3
4.878e-06,-8.877e-06,3.3836,75.4
4.8618e-06,-8.8967e-06,3.3842,75.5
4.8457e-06,-8.9165e-06,3.3849,75.6
4.8296e-06,-8.9362e-06,3.3856,75.7
4.8134e-06,-8.9559e-06,3.3863,75.8
4.7973e-06,-8.9756e-06,3.3869,75.9
4.7811e-06,-8.9953e-06,3.3876,76.0
4.765e-06,-9.0151e-06,3.3883,76.1
4.7489e-06,-9.0348e-06,3.3889,76.2
4.7327e-06,-9.0545e-06,3.3896,76.3
4.7166e-06,-9.0742e-06,3.3903,76.4
4.7005e-06,-9.094e-06,3.3909,76.5
4.6843e-06,-9.1137e-06,3.3916,76.6
4.6682e-06,-9.1334e-06,3.3923,76.7
4.6521e-06,-9.1531e-06,3.3929,76.8
4.6333e-06,-9.1729e-06,3.3936,76.9
4.6139e-06,-9.1926e-06,3.3942,77.0
4.5946e-06,-9.2123e-06,3.3948,77.1
4.5752e-06,-9.232e-06,3.3954,77.2
4.5559e-06,-9.2518e-06,3.3961,77.3
4.5365e-06,-9.2715e-06,3.3967,77.4
4.5172e-06,-9.2912e-06,3.3973,77.5
4.4978e-06,-9.3109e-06,3.3979,77.6
4.4785e-06,-9.3307e-06,3.3986,77.7
4.4591e-06,-9.3504e-06,3.3992,77.8
4.4397e-06,-9.3701e-06,3.3998,77.9
4.4204e-06,-9.3899e-06,3.4004,78.0
4.401e-06,-9.4096e-06,3.4011,78.1
4.3817e-06,-9.4293e-06,3.4017,78.2
4.3623e-06,-9.449e-06,3.4023,78.3
4.343e-06,-9.4688e-06,3.4029,78.4
4.3236e-06,-9.4885e-06,3.4036,78.5
4.3042e-06,-9.5082e-06,3.4042,78.6
4.2849e-06,-9.5279e-06,3.4048,78.7
4.2655e-06,-9.5477e-06,3.4054,78.8
4.2462e-06,-9.5674e-06,3.4061,78.9
4.2268e-06,-9.5871e-06,3.4067,79.0
4.2075e-06,-9.6069e-06,3.4073,79.1
4.1881e-06,-9.6266e-06,3.4079,79.2
4.1687e-06,-9.6463e-06,3.4086,79.3
4.1494e-06,-9.666e-06,3.4092,79.4
4.13e-06,-9.6858e-06,3.4098,79.5
4.1107e-06,-9.7055e-06,3.4104,79.6
4.0913e-06,-9.7252e-06,3.4111,79.7
4.072e-06,-9.745e-06,3.4117,79.8
4.0526e-06,-9.7647e-06,3.4123,79.9
4.0333e-06,-9.7844e-06,3.4129,80.0
4.0139e-06,-9.8041e-06,3.4136,80.1
3.9945e-06,-9.8239e-06,3.4142,80.2
3.9752e-06,-9.8436e-06,3.4148,80.3
3.9558e-06,-9.8633e-06,3.4154,80.4
3.9365e-06,-9.883e-06,3.4161,80.5
3.9171e-06,-9.9028e-06,3.4167,80.6
3.8971e-06,-9.9217e-06,3.4173,80.7
3.8738e-06,-9.937e-06,3.4179,80.8
3.8505e-06,-9.9523e-06,3.4185,80.9
3.8273e-06,-9.9677e-06,3.4191,81.0
3.804e-06,-9.983e-06,3.4197,81.1
3.7808e-06,-9.9983e-06,3.4202,81.2
3.7575e-06,-1.0014e-05,3.4208,81.3
3.7342e-06,-1.0029e-05,3.4214,81.4
3.711e-06,-1.0044e-05,3.422,81.5
3.6877e-06,-1.006e-05,3.4226,81.6
3.6645e-06,-1.0075e-05,3.4232,81.7
3.6412e-06,-1.009e-05,3.4238,81.8
3.6179e-06,-1.0106e-05,3.4243,81.9
3.5947e-06,-1.0121e-05,3.4249,82.0
3.5714e-06,-1.0136e-05,3.4255,82.1
3.5482e-06,-1.0152e-05,3.4261,82.2
3.5249e-06,-1.0167e-05,3.4267,82.3
3.5016e-06,-1.0182e-05,3.4273,82.4
3.4784e-06,-1.0198e-05,3.4279,82.5
3.4551e-06,-1.0213e-05,3.4284,82.6
3.4319e-06,-1.0228e-05,3.429,82.7
3.4086e-06,-1.0243e-05,3.4296,82.8
3.3854e-06,-1.0259e-05,3.4302,82.9
3.3621e-06,-1.0274e-05,3.4308,83.0
3.3388e-06,-1.0289e-05,3.4314,83.1
3.3156e-06,-1.0305e-05,3.4319,83.2
3.2923e-06,-1.032e-05,3.4325,83.3
3.2691e-06,-1.0335e-05,3.4331,83.4
3.2458e-06,-1.0351e-05,3.4337,83.5
3.2225e-06,-1.0366e-05,3.4343,83.6
3.1993e-06,-1.0381e-05,3.4349,83.7
3.176e-06,-1.0397e-05,3.4355,83.8
3.1528e-06,-1.0412e-05,3.436,83.9
3.1295e-06,-1.0427e-05,3.4366,84.0
3.1062e-06,-1.0443e-05,3.4372,84.1
3.083e-06,-1.0458e-05,3.4378,84.2
3.0597e-06,-1.0473e-05,3.4384,84.3
3.0365e-06,-1.0489e-05,3.439,84.4
3.0132e-06,-1.0504e-05,3.4396,84.5
2.9871e-06,-1.0519e-05,3.4401,84.6
2.9585e-06,-1.0535e-05,3.4407,84.7
2.93e-06,-1.055e-05,3.4412,84.8
2.9014e-06,-1.0566e-05,3.4418,84.9
2.8729e-06,-1.0581e-05,3.4423,85.0
2.8443e-06,-1.0597e-05,3.4429,85.1
2.8158e-06,-1.0612e-05,3.4434,85.2
2.7872e-06,-1.0628e-05,3.444,85.3
2.7587e-06,-1.0643e-05,3.4445,85.4
2.7301e-06,-1.0659e-05,3.4451,85.5
2.7016e-06,-1.0674e-05,3.4456,85.6
2.673e-06,-1.069e-05,3.4462,85.7
2.6445e-06,-1.0705e-05,3.4467,85.8
2.6159e-06,-1.0721e-05,3.4473,85.9
2.5874e-06,-1.0736e-05,3.4478,86.0
2.5588e-06,-1.0752e-05,3.4484,86.1
2.5303e-06,-1.0767e-05,3.4489,86.2
2.5017e-06,-1.0783e-05,3.4495,86.3
2.4732e-06,-1.0798e-05,3.45,86.4
2.4446e-06,-1.0814e-05,3.4506,86.5
2.4161e-06,-1.0829e-05,3.4511,86.6
2.3875e-06,-1.0845e-05,3.4517,86.7
2.359e-06,-1.086e-05,3.4522,86.8
2.3304e-06,-1.0875e-05,3.4527,86.9
2.3019e-06,-1.0891e-05,3.4533,87.0
2.2733e-06,-1.0906e-05,3.4538,87.1
2.2448e-06,-1.0922e-05,3.4544,87.2
2.2162e-06,-1.0937e-05,3.4549,87.3
2.1877e-06,-1.0953e-05,3.4555,87.4
2.1591e-06,-1.0968e-05,3.456,87.5
2.1306e-06,-1.0984e-05,3.4566,87.6
2.102e-06,-1.0999e-05,3.4571,87.7
2.0735e-06,-1.1015e-05,3.4577,87.8
2.0449e-06,-1.103e-05,3.4582,87.9
2.0164e-06,-1.1046e-05,3.4588,88.0
1.9878e-06,-1.1061e-05,3.4593,88.1
1.9593e-06,-1.1077e-05,3.4599,88.2
1.9307e-06,-1.1092e-05,3.4604,88.3
1.9022e-06,-1.1108e-05,3.461,88.4
1.8672e-06,-1.1101e-05,3.4615,88.5
1.8316e-06,-1.1091e-05,3.462,88.6
1.7959e-06,-1.1082e-05,3.4625,88.7
1.7603e-06,-1.1073e-05,3.463,88.8
1.7247e-06,-1.1063e-05,3.4636,88.9
1.689e-06,-1.1054e-05,3.4641,89.0
1.6534e-06,-1.1045e-05,3.4646,89.1
1.6178e-06,-1.1035e-05,3.4651,89.2
1.5821e-06,-1.1026e-05,3.4656,89.3
1.5465e-06,-1.1017e-05,3.4661,89.4
1.5109e-06,-1.1007e-05,3.4667,89.5
1.4753e-06,-1.0998e-05,3.4672,89.6
1.4396e-06,-1.0989e-05,3.4677,89.7
1.404e-06,-1.0979e-05,3.4682,89.8
1.3684e-06,-1.097e-05,3.4687,89.9
1.3327e-06,-1.0961e-05,3.4692,90.0
1.2971e-06,-1.0951e-05,3.4698,90.1
1.2615e-06,-1.0942e-05,3.4703,90.2
1.2258e-06,-1.0933e-05,3.4708,90.3
1.1902e-06,-1.0924e-05,3.4713,90.4
1.1546e-06,-1.0914e-05,3.4718,90.5
1.1189e-06,-1.0905e-05,3.4723,90.6
1.0833e-06,-1.0896e-05,3.4729,90.7
1.0477e-06,-1.0886e-05,3.4734,90.8
1.012e-06,-1.0877e-05,3.4739,90.9
9.7641e-07,-1.0868e-05,3.4744,91.0
9.4078e-07,-1.0858e-05,3.4749,91.1
9.0515e-07,-1.0849e-05,3.4754,91.2
8.6951e-07,-1.084e-05,3.4759,91.3
8.3388e-07,-1.083e-05,3.4765,91.4
7.9825e-07,-1.0821e-05,3.477,91.5
7.6262e-07,-1.0812e-05,3.4775,91.6
7.2699e-07,-1.0802e-05,3.478,91.7
6.9136e-07,-1.0793e-05,3.4785,91.8
6.5572e-07,-1.0784e-05,3.479,91.9
6.2009e-07,-1.0774e-05,3.4796,92.0
5.8446e-07,-1.0765e-05,3.4801,92.1
5.4883e-07,-1.0756e-05,3.4806,92.2
5.0935e-07,-1.0742e-05,3.4811,92.3
4.596e-07,-1.0715e-05,3.4816,92.4
4.0986e-07,-1.0688e-05,3.4821,92.5
3.6011e-07,-1.0661e-05,3.4826,92.6
3.1036e-07,-1.0634e-05,3.483,92.7
2.6061e-07,-1.0607e-05,3.4835,92.8
2.1087e-07,-1.058e-05,3.484,92.9
1.6112e-07,-1.0553e-05,3.4845,93.0
1.1138e-07,-1.0526e-05,3.485,93.1
6.163e-08,-1.0499e-05,3.4855,93.2
1.188e-08,-1.0472e-05,3.4859,93.3
-3.7866e-08,-1.0445e-05,3.4864,93.4
-8.7612e-08,-1.0418e-05,3.4869,93.5
-1.3736e-07,-1.0392e-05,3.4874,93.6
-1.871e-07,-1.0365e-05,3.4879,93.7
-2.3685e-07,-1.0338e-05,3.4884,93.8
-2.866e-07,-1.0311e-05,3.4889,93.9
-3.3635e-07,-1.0284e-05,3.4893,94.0
-3.8609e-07,-1.0257e-05,3.4898,94.1
-4.3584e-07,-1.023e-05,3.4903,94.2
-4.8559e-07,-1.0203e-05,3.4908,94.3
-5.3533e-07,-1.0176e-05,3.4913,94.4
-5.8508e-07,-1.0149e-05,3.4918,94.5
-6.3483e-07,-1.0122e-05,3.4923,94.6
-6.8457e-07,-1.0095e-05,3.4927,94.7
-7.3432e-07,-1.0068e-05,3.4932,94.8
-7.8407e-07,-1.0042e-05,3.4937,94.9
-8.3381e-07,-1.0015e-05,3.4942,95.0
-8.8356e-07,-9.9877e-06,3.4947,95.1
-9.3331e-07,-9.9607e-06,3.4952,95.2
-9.8306e-07,-9.9338e-06,3.4956,95.3
-1.0328e-06,-9.9069e-06,3.4961,95.4
-1.0825e-06,-9.88e-06,3.4966,95.5
-1.1323e-06,-9.853e-06,3.4971,95.6
-1.182e-06,-9.8261e-06,3.4976,95.7
-1.2318e-06,-9.7992e-06,3.4981,95.8
-1.2815e-06,-9.7723e-06,3.4986,95.9
-1.3313e-06,-9.7453e-06,3.499,96.0
-1.381e-06,-9.7184e-06,3.4995,96.1
-1.4105e-06,-9.0336e-06,3.5,96.2
-1.4283e-06,-7.9728e-06,3.5005,96.3
-1.4462e-06,-6.9121e-06,3.5011,96.4
-1.4641e-06,-5.8514e-06,3.5016,96.5
-1.4819e-06,-4.7907e-06,3.5021,96.6
-1.4998e-06,-3.73e-06,3.5026,96.7
-1.5176e-06,-2.6693e-06,3.5031,96.8
-1.5355e-06,-1.6086e-06,3.5036,96.9
-1.5534e-06,-5.4785e-07,3.5041,97.0
-1.5712e-06,5.1285e-07,3.5046,97.1
-1.5891e-06,1.5735e-06,3.5051,97.2
-1.6069e-06,2.6343e-06,3.5056,97.3
-1.6248e-06,3.695e-06,3.5062,97.4
-1.6427e-06,4.7557e-06,3.5067,97.5
-1.6605e-06,5.8164e-06,3.5072,97.6
-1.6784e-06,6.8771e-06,3.5077,97.7
-1.6962e-06,7.9379e-06,3.5082,97.8
-1.7141e-06,8.9986e-06,3.5087,97.9
-1.732e-06,1.0059e-05,3.5092,98.0
-1.7498e-06,1.112e-05,3.5097,98.1
-1.7677e-06,1.2181e-05,3.5102,98.2
-1.7855e-06,1.3241e-05,3.5107,98.3
-1.8034e-06,1.4302e-05,3.5113,98.4
-1.8213e-06,1.5363e-05,3.5118,98.5
-1.8391e-06,1.6424e-05,3.5123,98.6
-1.857e-06,1.7484e-05,3.5128,98.7
-1.8748e-06,1.8545e-05,3.5133,98.8
-1.8927e-06,1.9606e-05,3.5138,98.9
-1.9106e-06,2.0666e-05,3.5143,99.0
-1.9284e-06,2.1727e-05,3.5148,99.1
-1.9463e-06,2.2788e-05,3.5153,99.2
-1.9641e-06,2.3849e-05,3.5158,99.3
-1.982e-06,2.4909e-05,3.5164,99.4
-1.9999e-06,2.597e-05,3.5169,99.5
-2.0177e-06,2.7031e-05,3.5174,99.6
-2.0356e-06,2.8091e-05,3.5179,99.7
-2.0535e-06,2.9152e-05,3.5184,99.8
-2.0713e-06,3.0213e-05,3.5189,99.9
-2.0892e-06,3.1274e-05,3.5194,100.0
