Time,kLaMulti,Gh2,RGh2,Gch4,RGch4,Gco2,RGco2
1.2e-05,0.00231481,1.1032e-05,9.68079e-11,1.6535,1.4529e-05,13.5,7.02745e-05
0.0861879,0.00231481,1.1032e-05,9.28711e-11,1.6535,1.4529e-05,13.5,9.03887e-06
0.188105,0.00231481,1.1032e-05,9.28711e-11,1.6535,1.45289e-05,13.5,9.03951e-06
0.293116,0.00231481,1.1032e-05,9.28711e-11,1.6535,1.45289e-05,13.5,9.04065e-06
0.398215,0.00231481,1.1032e-05,9.2871e-11,1.6535,1.45289e-05,13.5,9.03826e-06
0.50328,0.00231481,1.1032e-05,9.28711e-11,1.6535,1.45289e-05,13.5,9.03948e-06
0.610956,0.00231481,1.1032e-05,9.28709e-11,1.6535,1.45289e-05,13.5,9.03499e-06
0.720716,0.00231481,1.1032e-05,9.28708e-11,1.6535,1.45288e-05,13.5,9.03229e-06
0.829977,0.00231481,1.1032e-05,9.28707e-11,1.6535,1.45288e-05,13.5,9.02964e-06
0.935772,0.00231481,1.1032e-05,9.28705e-11,1.6535,1.45288e-05,13.5,9.02515e-06
1.04235,0.00231481,1.1032e-05,9.28705e-11,1.6535,1.45288e-05,13.5,9.02577e-06
1.15166,0.00231481,1.1032e-05,9.28703e-11,1.6535,1.45287e-05,13.5,9.02076e-06
1.26028,0.00231481,1.1032e-05,9.28702e-11,1.6535,1.45287e-05,13.5,9.01898e-06
1.36454,0.00231481,1.1032e-05,9.28702e-11,1.6535,1.45287e-05,13.5,9.01883e-06
1.46983,0.00231481,1.1032e-05,9.28701e-11,1.6535,1.45287e-05,13.5,9.01595e-06
1.57552,0.00231481,1.1032e-05,9.28702e-11,1.6535,1.45287e-05,13.5,9.01767e-06
1.68216,0.00231481,1.1032e-05,9.28701e-11,1.6535,1.45287e-05,13.5,9.01573e-06
1.78809,0.00231481,1.1032e-05,9.28699e-11,1.6535,1.45286e-05,13.5,9.01239e-06
1.89432,0.00231481,1.1032e-05,9.287e-11,1.6535,1.45287e-05,13.5,9.01311e-06
2.00132,0.00231481,1.1032e-05,9.28699e-11,1.6535,1.45286e-05,13.5,9.01168e-06
2.10633,0.00231481,1.1032e-05,9.28698e-11,1.6535,1.45286e-05,13.5,9.01051e-06
2.20357,0.00231481,1.1032e-05,9.28699e-11,1.6535,1.45286e-05,13.5,9.01288e-06
2.30588,0.00231481,1.1032e-05,9.28697e-11,1.6535,1.45286e-05,13.5,9.00765e-06
2.41359,0.00231481,1.1032e-05,9.28696e-11,1.6535,1.45286e-05,13.5,9.00477e-06
2.5174,0.00231481,1.1032e-05,9.28696e-11,1.6535,1.45286e-05,13.5,9.00425e-06
2.62384,0.00231481,1.1032e-05,9.28695e-11,1.6535,1.45285e-05,13.5,9.00313e-06
2.73108,0.00231481,1.1032e-05,9.28694e-11,1.6535,1.45285e-05,13.5,9.00104e-06
2.83958,0.00231481,1.1032e-05,9.28693e-11,1.6535,1.45285e-05,13.5,8.99831e-06
2.94567,0.00231481,1.1032e-05,9.28693e-11,1.6535,1.45285e-05,13.5,8.99782e-06
3.05153,0.00231481,1.1032e-05,9.28693e-11,1.6535,1.45284e-05,13.5,8.99799e-06
3.15556,0.00231481,1.1032e-05,9.28693e-11,1.6535,1.45285e-05,13.5,8.99733e-06
3.26386,0.00231481,1.1032e-05,9.28692e-11,1.6535,1.45284e-05,13.5,8.99524e-06
3.37177,0.00231481,1.1032e-05,9.28689e-11,1.6535,1.45284e-05,13.5,8.98896e-06
3.47646,0.00231481,1.1032e-05,9.28689e-11,1.6535,1.45284e-05,13.5,8.98811e-06
3.58299,0.00231481,1.1032e-05,9.28689e-11,1.6535,1.45284e-05,13.5,8.98928e-06
3.68782,0.00231481,1.1032e-05,9.28688e-11,1.6535,1.45284e-05,13.5,8.98684e-06
3.79714,0.00231481,1.1032e-05,9.28688e-11,1.6535,1.45283e-05,13.5,8.9869e-06
3.90308,0.00231481,1.1032e-05,9.28687e-11,1.6535,1.45283e-05,13.5,8.98276e-06
4.00959,0.00231481,1.1032e-05,9.28687e-11,1.6535,1.45283e-05,13.5,8.98284e-06
4.11684,0.00231481,1.1032e-05,9.28686e-11,1.6535,1.45283e-05,13.5,8.98095e-06
4.22395,0.00231481,1.1032e-05,9.28685e-11,1.6535,1.45283e-05,13.5,8.97911e-06
4.33088,0.00231481,1.1032e-05,9.28685e-11,1.6535,1.45283e-05,13.5,8.97812e-06
4.44157,0.00231481,1.1032e-05,9.28683e-11,1.6535,1.45282e-05,13.5,8.9736e-06
4.54689,0.00231481,1.1032e-05,9.28683e-11,1.6535,1.45282e-05,13.5,8.97469e-06
4.65024,0.00231481,1.1032e-05,9.28682e-11,1.6535,1.45282e-05,13.5,8.9713e-06
4.75743,0.00231481,1.1032e-05,9.28681e-11,1.6535,1.45282e-05,13.5,8.96974e-06
4.864,0.00231481,1.1032e-05,9.2868e-11,1.6535,1.45282e-05,13.5,8.96753e-06
4.96855,0.00231481,1.1032e-05,9.28679e-11,1.6535,1.45281e-05,13.5,8.96526e-06
5.07528,0.00231481,1.1032e-05,9.2868e-11,1.6535,1.45281e-05,13.5,8.96612e-06
5.1784,0.00231481,1.1032e-05,9.2868e-11,1.6535,1.45282e-05,13.5,8.96814e-06
5.28626,0.00231481,1.1032e-05,9.2868e-11,1.6535,1.45281e-05,13.5,8.96778e-06
5.39275,0.00231481,1.1032e-05,9.2868e-11,1.6535,1.45281e-05,13.5,8.96688e-06
5.49898,0.00231481,1.1032e-05,9.28679e-11,1.6535,1.45281e-05,13.5,8.96583e-06
5.60434,0.00231481,1.1032e-05,9.2868e-11,1.6535,1.45281e-05,13.5,8.96597e-06
5.70908,0.00231481,1.1032e-05,9.28679e-11,1.6535,1.45281e-05,13.5,8.96433e-06
5.81503,0.00231481,1.1032e-05,9.28678e-11,1.6535,1.45281e-05,13.5,8.96172e-06
5.92391,0.00231481,1.1032e-05,9.28677e-11,1.6535,1.45281e-05,13.5,8.95932e-06
6.03287,0.00231481,1.1032e-05,9.28676e-11,1.6535,1.45281e-05,13.5,8.95772e-06
6.1407,0.00231481,1.1032e-05,9.28676e-11,1.6535,1.45281e-05,13.5,8.95727e-06
6.24719,0.00231481,1.1032e-05,9.28676e-11,1.6535,1.4528e-05,13.5,8.95664e-06
6.35441,0.00231481,1.1032e-05,9.28675e-11,1.6535,1.4528e-05,13.5,8.95473e-06
6.46376,0.00231481,1.1032e-05,9.28674e-11,1.6535,1.4528e-05,13.5,8.95375e-06
6.568,0.00231481,1.1032e-05,9.28674e-11,1.6535,1.4528e-05,13.5,8.95188e-06
6.67364,0.00231481,1.1032e-05,9.28673e-11,1.6535,1.4528e-05,13.5,8.95149e-06
6.77937,0.00231481,1.1032e-05,9.28672e-11,1.6535,1.4528e-05,13.5,8.94807e-06
6.88778,0.00231481,1.1032e-05,9.28672e-11,1.6535,1.45279e-05,13.5,8.94932e-06
6.99378,0.00231481,1.1032e-05,9.28672e-11,1.6535,1.45279e-05,13.5,8.94724e-06
7.08071,0.00231481,1.1032e-05,9.28671e-11,1.6535,1.45279e-05,13.5,8.94683e-06
7.18979,0.00231481,1.1032e-05,9.2867e-11,1.6535,1.45279e-05,13.5,8.9426e-06
7.29999,0.00231481,1.1032e-05,9.2867e-11,1.6535,1.45279e-05,13.5,8.94249e-06
7.40886,0.00231481,1.1032e-05,9.28668e-11,1.6535,1.45278e-05,13.5,8.93963e-06
7.51369,0.00231481,1.1032e-05,9.28669e-11,1.6535,1.45279e-05,13.5,8.94193e-06
7.62366,0.00231481,1.1032e-05,9.28668e-11,1.6535,1.45278e-05,13.5,8.93806e-06
7.73615,0.00231481,1.1032e-05,9.28666e-11,1.6535,1.45278e-05,13.5,8.93425e-06
7.84344,0.00231481,1.1032e-05,9.28666e-11,1.6535,1.45278e-05,13.5,8.93401e-06
7.95304,0.00231481,1.1032e-05,9.28665e-11,1.6535,1.45278e-05,13.5,8.93212e-06
8.06263,0.00231481,1.1032e-05,9.28664e-11,1.6535,1.45278e-05,13.5,8.93005e-06
8.16986,0.00231481,1.1032e-05,9.28665e-11,1.6535,1.45277e-05,13.5,8.93074e-06
8.27758,0.00231481,1.1032e-05,9.28663e-11,1.6535,1.45277e-05,13.5,8.92656e-06
8.38121,0.00231481,1.1032e-05,9.28663e-11,1.6535,1.45277e-05,13.5,8.92795e-06
8.48608,0.00231481,1.1032e-05,9.28662e-11,1.6535,1.45277e-05,13.5,8.92529e-06
8.59407,0.00231481,1.1032e-05,9.28661e-11,1.6535,1.45277e-05,13.5,8.92271e-06
8.70037,0.00231481,1.1032e-05,9.28662e-11,1.6535,1.45277e-05,13.5,8.92445e-06
8.81092,0.00231481,1.1032e-05,9.28661e-11,1.6535,1.45277e-05,13.5,8.92201e-06
8.91957,0.00231481,1.1032e-05,9.28659e-11,1.6535,1.45276e-05,13.5,8.91828e-06
9.02228,0.00231481,1.1032e-05,9.2866e-11,1.6535,1.45276e-05,13.5,8.92057e-06
9.12969,0.00231481,1.1032e-05,9.28658e-11,1.6535,1.45276e-05,13.5,8.9161e-06
9.23756,0.00231481,1.1032e-05,9.28658e-11,1.6535,1.45276e-05,13.5,8.9164e-06
9.34321,0.00231481,1.1032e-05,9.28658e-11,1.6535,1.45276e-05,13.5,8.91486e-06
9.4505,0.00231481,1.1032e-05,9.28658e-11,1.6535,1.45276e-05,13.5,8.91537e-06
9.56013,0.00231481,1.1032e-05,9.28656e-11,1.6535,1.45275e-05,13.5,8.91102e-06
9.66857,0.00231481,1.1032e-05,9.28655e-11,1.6535,1.45275e-05,13.5,8.90726e-06
9.77563,0.00231481,1.1032e-05,9.28655e-11,1.6535,1.45275e-05,13.5,8.90821e-06
9.88393,0.00231481,1.1032e-05,9.28655e-11,1.6535,1.45275e-05,13.5,8.90755e-06
9.99205,0.00231481,1.1032e-05,9.28653e-11,1.6535,1.45275e-05,13.5,8.90338e-06
10.0949,0.00231481,1.1032e-05,9.28653e-11,1.6535,1.45275e-05,13.5,8.90475e-06
10.2033,0.00231481,1.1032e-05,9.28653e-11,1.6535,1.45274e-05,13.5,8.90364e-06
10.3103,0.00231481,1.1032e-05,9.28651e-11,1.6535,1.45274e-05,13.5,8.89875e-06
10.4191,0.00231481,1.1032e-05,9.28651e-11,1.6535,1.45274e-05,13.5,8.89817e-06
10.5229,0.00231481,1.1032e-05,9.28652e-11,1.6535,1.45274e-05,13.5,8.90048e-06
10.6294,0.00231481,1.1032e-05,9.28651e-11,1.6535,1.45274e-05,13.5,8.89836e-06
10.7349,0.00231481,1.1032e-05,9.28651e-11,1.6535,1.45274e-05,13.5,8.8979e-06
10.8434,0.00231481,1.1032e-05,9.2865e-11,1.6535,1.45274e-05,13.5,8.89556e-06
10.9467,0.00231481,1.1032e-05,9.28649e-11,1.6535,1.45274e-05,13.5,8.89449e-06
11.0561,0.00231481,1.1032e-05,9.28648e-11,1.6535,1.45274e-05,13.5,8.89175e-06
11.1621,0.00231481,1.1032e-05,9.28649e-11,1.6535,1.45274e-05,13.5,8.89492e-06
11.2723,0.00231481,1.1032e-05,9.28647e-11,1.6535,1.45273e-05,13.5,8.89034e-06
11.3766,0.00231481,1.1032e-05,9.28647e-11,1.6535,1.45273e-05,13.5,8.88866e-06
11.4811,0.00231481,1.1032e-05,9.28647e-11,1.6535,1.45273e-05,13.5,8.88924e-06
11.5886,0.00231481,1.1032e-05,9.28646e-11,1.6535,1.45273e-05,13.5,8.88747e-06
11.6965,0.00231481,1.1032e-05,9.28646e-11,1.6535,1.45273e-05,13.5,8.8862e-06
11.8056,0.00231481,1.1032e-05,9.28645e-11,1.6535,1.45273e-05,13.5,8.88408e-06
11.9127,0.00231481,1.1032e-05,9.28644e-11,1.6535,1.45272e-05,13.5,8.88333e-06
12.0206,0.00231481,1.1032e-05,9.28644e-11,1.6535,1.45273e-05,13.5,8.8833e-06
12.1298,0.00231481,1.1032e-05,9.28642e-11,1.6535,1.45272e-05,13.5,8.87769e-06
12.2399,0.00231481,1.1032e-05,9.28643e-11,1.6535,1.45272e-05,13.5,8.87945e-06
12.3473,0.00231481,1.1032e-05,9.28642e-11,1.6535,1.45272e-05,13.5,8.87723e-06
12.4549,0.00231481,1.1032e-05,9.28642e-11,1.6535,1.45272e-05,13.5,8.87662e-06
12.5604,0.00231481,1.1032e-05,9.28641e-11,1.6535,1.45272e-05,13.5,8.87578e-06
12.6691,0.00231481,1.1032e-05,9.2864e-11,1.6535,1.45271e-05,13.5,8.87389e-06
12.7793,0.00231481,1.1032e-05,9.2864e-11,1.6535,1.45271e-05,13.5,8.873e-06
12.888,0.00231481,1.1032e-05,9.28639e-11,1.6535,1.45271e-05,13.5,8.86964e-06
12.9959,0.00231481,1.1032e-05,9.28636e-11,1.6535,1.45271e-05,13.5,8.86459e-06
13.1021,0.00231481,1.1032e-05,9.28636e-11,1.6535,1.4527e-05,13.5,8.86355e-06
13.2098,0.00231481,1.1032e-05,9.28636e-11,1.6535,1.4527e-05,13.5,8.864e-06
13.3196,0.00231481,1.1032e-05,9.28634e-11,1.6535,1.4527e-05,13.5,8.85936e-06
13.4256,0.00231481,1.1032e-05,9.28633e-11,1.6535,1.4527e-05,13.5,8.85653e-06
13.532,0.00231481,1.1032e-05,9.28634e-11,1.6535,1.4527e-05,13.5,8.85879e-06
13.6382,0.00231481,1.1032e-05,9.28634e-11,1.6535,1.4527e-05,13.5,8.85795e-06
13.746,0.00231481,1.1032e-05,9.28633e-11,1.6535,1.45269e-05,13.5,8.85765e-06
13.8514,0.00231481,1.1032e-05,9.28632e-11,1.6535,1.45269e-05,13.5,8.85495e-06
13.9584,0.00231481,1.1032e-05,9.28633e-11,1.6535,1.45269e-05,13.5,8.85637e-06
14.0666,0.00231481,1.1032e-05,9.28633e-11,1.6535,1.45269e-05,13.5,8.85549e-06
14.1736,0.00231481,1.1032e-05,9.28631e-11,1.6535,1.45269e-05,13.5,8.85264e-06
14.2823,0.00231481,1.1032e-05,9.2863e-11,1.6535,1.45269e-05,13.5,8.8501e-06
14.3867,0.00231481,1.1032e-05,9.2863e-11,1.6535,1.45269e-05,13.5,8.85e-06
14.4943,0.00231481,1.1032e-05,9.28631e-11,1.6535,1.45269e-05,13.5,8.85075e-06
14.6017,0.00231481,1.1032e-05,9.28631e-11,1.6535,1.45269e-05,13.5,8.85116e-06
14.7139,0.00231481,1.1032e-05,9.2863e-11,1.6535,1.45269e-05,13.5,8.84922e-06
14.8174,0.00231481,1.1032e-05,9.28629e-11,1.6535,1.45269e-05,13.5,8.84714e-06
14.9247,0.00231481,1.1032e-05,9.28628e-11,1.6535,1.45268e-05,13.5,8.84564e-06
15.0299,0.00231481,1.1032e-05,9.28627e-11,1.6535,1.45268e-05,13.5,8.84347e-06
15.1363,0.00231481,1.1032e-05,9.28629e-11,1.6535,1.45268e-05,13.5,8.84665e-06
15.2405,0.00231481,1.1032e-05,9.28629e-11,1.6535,1.45269e-05,13.5,8.84775e-06
15.3471,0.00231481,1.1032e-05,9.28629e-11,1.6535,1.45268e-05,13.5,8.84627e-06
15.4554,0.00231481,1.1032e-05,9.28628e-11,1.6535,1.45268e-05,13.5,8.84553e-06
15.5621,0.00231481,1.1032e-05,9.28627e-11,1.6535,1.45268e-05,13.5,8.84297e-06
15.6682,0.00231481,1.1032e-05,9.28627e-11,1.6535,1.45268e-05,13.5,8.84325e-06
15.7743,0.00231481,1.1032e-05,9.28627e-11,1.6535,1.45268e-05,13.5,8.84268e-06
15.8833,0.00231481,1.1032e-05,9.28626e-11,1.6535,1.45268e-05,13.5,8.84086e-06
15.9906,0.00231481,1.1032e-05,9.28625e-11,1.6535,1.45268e-05,13.5,8.83806e-06
16.0986,0.00231481,1.1032e-05,9.28624e-11,1.6535,1.45267e-05,13.5,8.83448e-06
16.2074,0.00231481,1.1032e-05,9.28624e-11,1.6535,1.45267e-05,13.5,8.83554e-06
16.3131,0.00231481,1.1032e-05,9.28623e-11,1.6535,1.45267e-05,13.5,8.83315e-06
16.4232,0.00231481,1.1032e-05,9.28622e-11,1.6535,1.45267e-05,13.5,8.83125e-06
16.5308,0.00231481,1.1032e-05,9.28621e-11,1.6535,1.45267e-05,13.5,8.82899e-06
16.6429,0.00231481,1.1032e-05,9.28621e-11,1.6535,1.45266e-05,13.5,8.82773e-06
16.7518,0.00231481,1.1032e-05,9.2862e-11,1.6535,1.45266e-05,13.5,8.82705e-06
16.8584,0.00231481,1.1032e-05,9.2862e-11,1.6535,1.45266e-05,13.5,8.8271e-06
16.9649,0.00231481,1.1032e-05,9.28619e-11,1.6535,1.45266e-05,13.5,8.82395e-06
17.0714,0.00231481,1.1032e-05,9.28619e-11,1.6535,1.45266e-05,13.5,8.82402e-06
17.1801,0.00231481,1.1032e-05,9.28619e-11,1.6535,1.45266e-05,13.5,8.82255e-06
17.2887,0.00231481,1.1032e-05,9.28618e-11,1.6535,1.45266e-05,13.5,8.82061e-06
17.3957,0.00231481,1.1032e-05,9.28617e-11,1.6535,1.45266e-05,13.5,8.81842e-06
17.5038,0.00231481,1.1032e-05,9.28618e-11,1.6535,1.45265e-05,13.5,8.82105e-06
17.6124,0.00231481,1.1032e-05,9.28616e-11,1.6535,1.45265e-05,13.5,8.81765e-06
17.7222,0.00231481,1.1032e-05,9.28615e-11,1.6535,1.45265e-05,13.5,8.81532e-06
17.8291,0.00231481,1.1032e-05,9.28615e-11,1.6535,1.45265e-05,13.5,8.815e-06
17.9347,0.00231481,1.1032e-05,9.28614e-11,1.6535,1.45265e-05,13.5,8.81294e-06
18.0423,0.00231481,1.1032e-05,9.28613e-11,1.6535,1.45264e-05,13.5,8.81038e-06
18.1517,0.00231481,1.1032e-05,9.28613e-11,1.6535,1.45265e-05,13.5,8.8105e-06
18.2607,0.00231481,1.1032e-05,9.28612e-11,1.6535,1.45264e-05,13.5,8.80734e-06
18.3659,0.00231481,1.1032e-05,9.28613e-11,1.6535,1.45264e-05,13.5,8.80971e-06
18.4749,0.00231481,1.1032e-05,9.28611e-11,1.6535,1.45264e-05,13.5,8.80482e-06
18.584,0.00231481,1.1032e-05,9.2861e-11,1.6535,1.45264e-05,13.5,8.80289e-06
18.6923,0.00231481,1.1032e-05,9.2861e-11,1.6535,1.45263e-05,13.5,8.8014e-06
18.7973,0.00231481,1.1032e-05,9.28609e-11,1.6535,1.45263e-05,13.5,8.80032e-06
18.9065,0.00231481,1.1032e-05,9.28608e-11,1.6535,1.45263e-05,13.5,8.79762e-06
19.0161,0.00231481,1.1032e-05,9.28608e-11,1.6535,1.45263e-05,13.5,8.7969e-06
19.1239,0.00231481,1.1032e-05,9.28607e-11,1.6535,1.45263e-05,13.5,8.79539e-06
19.2311,0.00231481,1.1032e-05,9.28606e-11,1.6535,1.45263e-05,13.5,8.79262e-06
19.3241,0.00231481,1.1032e-05,9.28606e-11,1.6535,1.45263e-05,13.5,8.79407e-06
19.4301,0.00231481,1.1032e-05,9.28606e-11,1.6535,1.45263e-05,13.5,8.79205e-06
19.5364,0.00231481,1.1032e-05,9.28604e-11,1.6535,1.45262e-05,13.5,8.78869e-06
19.6433,0.00231481,1.1032e-05,9.28604e-11,1.6535,1.45262e-05,13.5,8.78804e-06
19.7508,0.00231481,1.1032e-05,9.28604e-11,1.6535,1.45262e-05,13.5,8.78858e-06
19.8576,0.00231481,1.1032e-05,9.28602e-11,1.6535,1.45262e-05,13.5,8.78448e-06
19.9656,0.00231481,1.1032e-05,9.28602e-11,1.6535,1.45262e-05,13.5,8.78451e-06
20.0745,0.00231481,1.1032e-05,9.28602e-11,1.6535,1.45262e-05,13.5,8.78336e-06
20.1846,0.00231481,1.1032e-05,9.28601e-11,1.6535,1.45261e-05,13.5,8.78028e-06
20.293,0.00231481,1.1032e-05,9.286e-11,1.6535,1.45261e-05,13.5,8.7788e-06
20.4021,0.00231481,1.1032e-05,9.28599e-11,1.6535,1.45261e-05,13.5,8.77634e-06
20.5098,0.00231481,1.1032e-05,9.28599e-11,1.6535,1.45261e-05,13.5,8.77689e-06
20.6178,0.00231481,1.1032e-05,9.28598e-11,1.6535,1.45261e-05,13.5,8.77357e-06
20.7263,0.00231481,1.1032e-05,9.28597e-11,1.6535,1.45261e-05,13.5,8.77243e-06
20.8375,0.00231481,1.1032e-05,9.28597e-11,1.6535,1.4526e-05,13.5,8.77132e-06
20.9447,0.00231481,1.1032e-05,9.28597e-11,1.6535,1.4526e-05,13.5,8.77085e-06
21.0502,0.00231481,1.1032e-05,9.28595e-11,1.6535,1.4526e-05,13.5,8.76666e-06
21.1607,0.00231481,1.1032e-05,9.28595e-11,1.6535,1.4526e-05,13.5,8.76818e-06
21.2676,0.00231481,1.1032e-05,9.28595e-11,1.6535,1.4526e-05,13.5,8.76649e-06
21.3766,0.00231481,1.1032e-05,9.28594e-11,1.6535,1.4526e-05,13.5,8.76532e-06
21.4879,0.00231481,1.1032e-05,9.28593e-11,1.6535,1.45259e-05,13.5,8.76334e-06
21.595,0.00231481,1.1032e-05,9.28593e-11,1.6535,1.4526e-05,13.5,8.76256e-06
21.7036,0.00231481,1.1032e-05,9.28594e-11,1.6535,1.45259e-05,13.5,8.76381e-06
21.8108,0.00231481,1.1032e-05,9.28593e-11,1.6535,1.45259e-05,13.5,8.76243e-06
21.9183,0.00231481,1.1032e-05,9.28593e-11,1.6535,1.45259e-05,13.5,8.76265e-06
22.0264,0.00231481,1.1032e-05,9.28593e-11,1.6535,1.45259e-05,13.5,8.76166e-06
22.1334,0.00231481,1.1032e-05,9.28592e-11,1.6535,1.45259e-05,13.5,8.75965e-06
22.2394,0.00231481,1.1032e-05,9.28592e-11,1.6535,1.45259e-05,13.5,8.75972e-06
22.3473,0.00231481,1.1032e-05,9.28592e-11,1.6535,1.45259e-05,13.5,8.75954e-06
22.4548,0.00231481,1.1032e-05,9.28591e-11,1.6535,1.45259e-05,13.5,8.75714e-06
22.5648,0.00231481,1.1032e-05,9.28589e-11,1.6535,1.45259e-05,13.5,8.75405e-06
22.6713,0.00231481,1.1032e-05,9.2859e-11,1.6535,1.45259e-05,13.5,8.75467e-06
22.7784,0.00231481,1.1032e-05,9.28588e-11,1.6535,1.45258e-05,13.5,8.75148e-06
22.8873,0.00231481,1.1032e-05,9.28587e-11,1.6535,1.45258e-05,13.5,8.74898e-06
22.9944,0.00231481,1.1032e-05,9.28588e-11,1.6535,1.45258e-05,13.5,8.74971e-06
23.1049,0.00231481,1.1032e-05,9.28587e-11,1.6535,1.45258e-05,13.5,8.74756e-06
23.2156,0.00231481,1.1032e-05,9.28586e-11,1.6535,1.45257e-05,13.5,8.74691e-06
23.3253,0.00231481,1.1032e-05,9.28584e-11,1.6535,1.45257e-05,13.5,8.74034e-06
23.4371,0.00231481,1.1032e-05,9.28583e-11,1.6535,1.45257e-05,13.5,8.73783e-06
23.5442,0.00231481,1.1032e-05,9.28582e-11,1.6535,1.45256e-05,13.5,8.73577e-06
23.649,0.00231481,1.1032e-05,9.28582e-11,1.6535,1.45257e-05,13.5,8.73568e-06
23.7563,0.00231481,1.1032e-05,9.2858e-11,1.6535,1.45256e-05,13.5,8.73208e-06
23.8664,0.00231481,1.1032e-05,9.2858e-11,1.6535,1.45256e-05,13.5,8.73103e-06
23.978,0.00231481,1.1032e-05,9.28578e-11,1.6535,1.45256e-05,13.5,8.72798e-06
24.0843,0.00231481,1.1032e-05,9.28578e-11,1.6535,1.45256e-05,13.5,8.72799e-06
24.1934,0.00231481,1.1032e-05,9.28578e-11,1.6535,1.45256e-05,13.5,8.72794e-06
24.3041,0.00231481,1.1032e-05,9.28577e-11,1.6535,1.45255e-05,13.5,8.72491e-06
24.413,0.00231481,1.1032e-05,9.28576e-11,1.6535,1.45255e-05,13.5,8.72213e-06
24.5195,0.00231481,1.1032e-05,9.28576e-11,1.6535,1.45255e-05,13.5,8.72234e-06
24.6299,0.00231481,1.1032e-05,9.28575e-11,1.6535,1.45255e-05,13.5,8.7203e-06
24.7378,0.00231481,1.1032e-05,9.28576e-11,1.6535,1.45255e-05,13.5,8.72157e-06
24.8452,0.00231481,1.1032e-05,9.28575e-11,1.6535,1.45255e-05,13.5,8.71935e-06
24.9548,0.00231481,1.1032e-05,9.28573e-11,1.6535,1.45254e-05,13.5,8.71522e-06
25.0653,0.00231481,1.1032e-05,9.28572e-11,1.6535,1.45254e-05,13.5,8.7142e-06
25.1714,0.00231481,1.1032e-05,9.28573e-11,1.6535,1.45254e-05,13.5,8.71582e-06
25.277,0.00231481,1.1032e-05,9.28572e-11,1.6535,1.45254e-05,13.5,8.71363e-06
25.3852,0.00231481,1.1032e-05,9.28572e-11,1.6535,1.45254e-05,13.5,8.71339e-06
25.4954,0.00231481,1.1032e-05,9.28572e-11,1.6535,1.45254e-05,13.5,8.71202e-06
25.6017,0.00231481,1.1032e-05,9.28571e-11,1.6535,1.45254e-05,13.5,8.71129e-06
25.709,0.00231481,1.1032e-05,9.2857e-11,1.6535,1.45254e-05,13.5,8.70921e-06
25.8169,0.00231481,1.1032e-05,9.28569e-11,1.6535,1.45253e-05,13.5,8.7063e-06
25.9267,0.00231481,1.1032e-05,9.28568e-11,1.6535,1.45253e-05,13.5,8.70351e-06
26.0369,0.00231481,1.1032e-05,9.28568e-11,1.6535,1.45253e-05,13.5,8.70297e-06
26.1464,0.00231481,1.1032e-05,9.28565e-11,1.6535,1.45252e-05,13.5,8.69763e-06
26.2543,0.00231481,1.1032e-05,9.28566e-11,1.6535,1.45253e-05,13.5,8.69922e-06
26.3654,0.00231481,1.1032e-05,9.28565e-11,1.6535,1.45252e-05,13.5,8.69661e-06
26.4742,0.00231481,1.1032e-05,9.28564e-11,1.6535,1.45252e-05,13.5,8.6949e-06
26.5837,0.00231481,1.1032e-05,9.28563e-11,1.6535,1.45252e-05,13.5,8.69186e-06
26.6908,0.00231481,1.1032e-05,9.28563e-11,1.6535,1.45252e-05,13.5,8.69106e-06
26.7993,0.00231481,1.1032e-05,9.28563e-11,1.6535,1.45252e-05,13.5,8.69125e-06
26.9089,0.00231481,1.1032e-05,9.28562e-11,1.6535,1.45252e-05,13.5,8.69021e-06
27.0162,0.00231481,1.1032e-05,9.28562e-11,1.6535,1.45252e-05,13.5,8.68936e-06
27.1259,0.00231481,1.1032e-05,9.28561e-11,1.6535,1.45251e-05,13.5,8.68688e-06
27.2353,0.00231481,1.1032e-05,9.2856e-11,1.6535,1.45251e-05,13.5,8.68531e-06
27.3451,0.00231481,1.1032e-05,9.28558e-11,1.6535,1.45251e-05,13.5,8.68118e-06
27.4539,0.00231481,1.1032e-05,9.28558e-11,1.6535,1.4525e-05,13.5,8.67926e-06
27.5622,0.00231481,1.1032e-05,9.28557e-11,1.6535,1.4525e-05,13.5,8.67808e-06
27.6694,0.00231481,1.1032e-05,9.28556e-11,1.6535,1.4525e-05,13.5,8.67514e-06
27.7794,0.00231481,1.1032e-05,9.28556e-11,1.6535,1.4525e-05,13.5,8.67468e-06
27.8856,0.00231481,1.1032e-05,9.28555e-11,1.6535,1.4525e-05,13.5,8.67339e-06
27.9925,0.00231481,1.1032e-05,9.28554e-11,1.6535,1.4525e-05,13.5,8.67092e-06
28.1048,0.00231481,1.1032e-05,9.28553e-11,1.6535,1.45249e-05,13.5,8.66767e-06
28.2148,0.00231481,1.1032e-05,9.28552e-11,1.6535,1.45249e-05,13.5,8.66533e-06
28.3249,0.00231481,1.1032e-05,9.28552e-11,1.6535,1.45249e-05,13.5,8.66519e-06
28.431,0.00231481,1.1032e-05,9.2855e-11,1.6535,1.45249e-05,13.5,8.66233e-06
28.5383,0.00231481,1.1032e-05,9.2855e-11,1.6535,1.45248e-05,13.5,8.66141e-06
28.6484,0.00231481,1.1032e-05,9.28549e-11,1.6535,1.45248e-05,13.5,8.65838e-06
28.7562,0.00231481,1.1032e-05,9.28549e-11,1.6535,1.45248e-05,13.5,8.65976e-06
28.8648,0.00231481,1.1032e-05,9.28547e-11,1.6535,1.45248e-05,13.5,8.65424e-06
28.9732,0.00231481,1.1032e-05,9.28548e-11,1.6535,1.45248e-05,13.5,8.65607e-06
29.0797,0.00231481,1.1032e-05,9.28547e-11,1.6535,1.45247e-05,13.5,8.65376e-06
29.1874,0.00231481,1.1032e-05,9.28545e-11,1.6535,1.45247e-05,13.5,8.6485e-06
29.297,0.00231481,1.1032e-05,9.28543e-11,1.6535,1.45247e-05,13.5,8.64607e-06
29.404,0.00231481,1.1032e-05,9.28543e-11,1.6535,1.45247e-05,13.5,8.64525e-06
29.5125,0.00231481,1.1032e-05,9.28543e-11,1.6535,1.45247e-05,13.5,8.6455e-06
29.6228,0.00231481,1.1032e-05,9.28542e-11,1.6535,1.45247e-05,13.5,8.64292e-06
29.7308,0.00231481,1.1032e-05,9.2854e-11,1.6535,1.45246e-05,13.5,8.63869e-06
29.8382,0.00231481,1.1032e-05,9.28541e-11,1.6535,1.45246e-05,13.5,8.64071e-06
29.9464,0.00231481,1.1032e-05,9.28541e-11,1.6535,1.45246e-05,13.5,8.64129e-06
30.0526,0.00231481,1.1032e-05,9.28541e-11,1.6535,1.45246e-05,13.5,8.64057e-06
30.161,0.00231481,1.1032e-05,9.28541e-11,1.6535,1.45246e-05,13.5,8.6401e-06
30.2671,0.00231481,1.1032e-05,9.28541e-11,1.6535,1.45246e-05,13.5,8.6395e-06
30.3775,0.00231481,1.1032e-05,9.28539e-11,1.6535,1.45246e-05,13.5,8.6346e-06
30.4845,0.00231481,1.1032e-05,9.28539e-11,1.6535,1.45245e-05,13.5,8.63554e-06
30.5923,0.00231481,1.1032e-05,9.28536e-11,1.6535,1.45245e-05,13.5,8.62891e-06
30.7012,0.00231481,1.1032e-05,9.28536e-11,1.6535,1.45245e-05,13.5,8.62877e-06
30.8096,0.00231481,1.1032e-05,9.28535e-11,1.6535,1.45245e-05,13.5,8.62646e-06
30.9158,0.00231481,1.1032e-05,9.28534e-11,1.6535,1.45245e-05,13.5,8.62493e-06
31.0252,0.00231481,1.1032e-05,9.28535e-11,1.6535,1.45244e-05,13.5,8.62499e-06
31.1348,0.00231481,1.1032e-05,9.28533e-11,1.6535,1.45244e-05,13.5,8.62084e-06
31.2405,0.00231481,1.1032e-05,9.28532e-11,1.6535,1.45244e-05,13.5,8.619e-06
31.3468,0.00231481,1.1032e-05,9.28532e-11,1.6535,1.45244e-05,13.5,8.61808e-06
31.4522,0.00231481,1.1032e-05,9.28532e-11,1.6535,1.45244e-05,13.5,8.61806e-06
31.5589,0.00231481,1.1032e-05,9.28532e-11,1.6535,1.45244e-05,13.5,8.61945e-06
31.6696,0.00231481,1.1032e-05,9.28531e-11,1.6535,1.45243e-05,13.5,8.61648e-06
31.7796,0.00231481,1.1032e-05,9.2853e-11,1.6535,1.45243e-05,13.5,8.61475e-06
31.89,0.00231481,1.1032e-05,9.28529e-11,1.6535,1.45243e-05,13.5,8.6116e-06
31.9993,0.00231481,1.1032e-05,9.28529e-11,1.6535,1.45243e-05,13.5,8.61092e-06
32.1082,0.00231481,1.1032e-05,9.28528e-11,1.6535,1.45243e-05,13.5,8.60882e-06
32.2175,0.00231481,1.1032e-05,9.28528e-11,1.6535,1.45242e-05,13.5,8.60988e-06
32.3255,0.00231481,1.1032e-05,9.28527e-11,1.6535,1.45242e-05,13.5,8.60712e-06
32.4327,0.00231481,1.1032e-05,9.28527e-11,1.6535,1.45243e-05,13.5,8.60685e-06
32.5412,0.00231481,1.1032e-05,9.28526e-11,1.6535,1.45242e-05,13.5,8.60566e-06
32.6479,0.00231481,1.1032e-05,9.28524e-11,1.6535,1.45242e-05,13.5,8.60103e-06
32.7562,0.00231481,1.1032e-05,9.28525e-11,1.6535,1.45242e-05,13.5,8.6028e-06
32.8652,0.00231481,1.1032e-05,9.28524e-11,1.6535,1.45242e-05,13.5,8.59994e-06
32.9737,0.00231481,1.1032e-05,9.28523e-11,1.6535,1.45242e-05,13.5,8.59816e-06
33.0849,0.00231481,1.1032e-05,9.28523e-11,1.6535,1.45241e-05,13.5,8.59812e-06
33.1946,0.00231481,1.1032e-05,9.28522e-11,1.6535,1.45241e-05,13.5,8.59646e-06
33.3014,0.00231481,1.1032e-05,9.28523e-11,1.6535,1.45241e-05,13.5,8.59726e-06
33.4081,0.00231481,1.1032e-05,9.28521e-11,1.6535,1.45241e-05,13.5,8.59326e-06
33.5191,0.00231481,1.1032e-05,9.2852e-11,1.6535,1.45241e-05,13.5,8.59087e-06
33.6273,0.00231481,1.1032e-05,9.28518e-11,1.6535,1.45241e-05,13.5,8.58636e-06
33.7334,0.00231481,1.1032e-05,9.2852e-11,1.6535,1.4524e-05,13.5,8.58992e-06
33.8396,0.00231481,1.1032e-05,9.28519e-11,1.6535,1.45241e-05,13.5,8.58825e-06
33.9489,0.00231481,1.1032e-05,9.28517e-11,1.6535,1.4524e-05,13.5,8.58469e-06
34.057,0.00231481,1.1032e-05,9.28518e-11,1.6535,1.4524e-05,13.5,8.58708e-06
34.1634,0.00231481,1.1032e-05,9.28517e-11,1.6535,1.4524e-05,13.5,8.58442e-06
34.2709,0.00231481,1.1032e-05,9.28517e-11,1.6535,1.4524e-05,13.5,8.58372e-06
34.3786,0.00231481,1.1032e-05,9.28517e-11,1.6535,1.4524e-05,13.5,8.58451e-06
34.4879,0.00231481,1.1032e-05,9.28517e-11,1.6535,1.4524e-05,13.5,8.5834e-06
34.5986,0.00231481,1.1032e-05,9.28516e-11,1.6535,1.4524e-05,13.5,8.58106e-06
34.7049,0.00231481,1.1032e-05,9.28516e-11,1.6535,1.4524e-05,13.5,8.58107e-06
34.8135,0.00231481,1.1032e-05,9.28513e-11,1.6535,1.45239e-05,13.5,8.57486e-06
34.9232,0.00231481,1.1032e-05,9.28513e-11,1.6535,1.45239e-05,13.5,8.57475e-06
35.0294,0.00231481,1.1032e-05,9.28513e-11,1.6535,1.45239e-05,13.5,8.57323e-06
35.1389,0.00231481,1.1032e-05,9.28512e-11,1.6535,1.45239e-05,13.5,8.57198e-06
35.2437,0.00231481,1.1032e-05,9.28511e-11,1.6535,1.45239e-05,13.5,8.56988e-06
35.3519,0.00231481,1.1032e-05,9.2851e-11,1.6535,1.45238e-05,13.5,8.56843e-06
35.4596,0.00231481,1.1032e-05,9.28509e-11,1.6535,1.45238e-05,13.5,8.56471e-06
35.5709,0.00231481,1.1032e-05,9.28508e-11,1.6535,1.45238e-05,13.5,8.56217e-06
35.6827,0.00231481,1.1032e-05,9.28507e-11,1.6535,1.45238e-05,13.5,8.56107e-06
35.7906,0.00231481,1.1032e-05,9.28508e-11,1.6535,1.45238e-05,13.5,8.56157e-06
35.8975,0.00231481,1.1032e-05,9.28505e-11,1.6535,1.45237e-05,13.5,8.55594e-06
36.0058,0.00231481,1.1032e-05,9.28506e-11,1.6535,1.45237e-05,13.5,8.55765e-06
36.1156,0.00231481,1.1032e-05,9.28506e-11,1.6535,1.45237e-05,13.5,8.55759e-06
36.2246,0.00231481,1.1032e-05,9.28505e-11,1.6535,1.45237e-05,13.5,8.55547e-06
36.335,0.00231481,1.1032e-05,9.28505e-11,1.6535,1.45237e-05,13.5,8.55526e-06
36.4407,0.00231481,1.1032e-05,9.28504e-11,1.6535,1.45237e-05,13.5,8.55268e-06
36.5517,0.00231481,1.1032e-05,9.28504e-11,1.6535,1.45237e-05,13.5,8.55429e-06
36.6585,0.00231481,1.1032e-05,9.28503e-11,1.6535,1.45237e-05,13.5,8.55182e-06
36.7709,0.00231481,1.1032e-05,9.28503e-11,1.6535,1.45236e-05,13.5,8.55011e-06
36.8791,0.00231481,1.1032e-05,9.28502e-11,1.6535,1.45236e-05,13.5,8.54821e-06
36.9841,0.00231481,1.1032e-05,9.28502e-11,1.6535,1.45236e-05,13.5,8.54828e-06
37.0903,0.00231481,1.1032e-05,9.285e-11,1.6535,1.45236e-05,13.5,8.54481e-06
37.2003,0.00231481,1.1032e-05,9.28501e-11,1.6535,1.45236e-05,13.5,8.54579e-06
37.3088,0.00231481,1.1032e-05,9.285e-11,1.6535,1.45236e-05,13.5,8.54428e-06
37.416,0.00231481,1.1032e-05,9.28499e-11,1.6535,1.45236e-05,13.5,8.54132e-06
37.5259,0.00231481,1.1032e-05,9.28499e-11,1.6535,1.45235e-05,13.5,8.5413e-06
37.6339,0.00231481,1.1032e-05,9.28497e-11,1.6535,1.45235e-05,13.5,8.53734e-06
37.7391,0.00231481,1.1032e-05,9.28497e-11,1.6535,1.45235e-05,13.5,8.53743e-06
37.8485,0.00231481,1.1032e-05,9.28497e-11,1.6535,1.45235e-05,13.5,8.53641e-06
37.9577,0.00231481,1.1032e-05,9.28496e-11,1.6535,1.45235e-05,13.5,8.53336e-06
38.0627,0.00231481,1.1032e-05,9.28496e-11,1.6535,1.45235e-05,13.5,8.53453e-06
38.1703,0.00231481,1.1032e-05,9.28496e-11,1.6535,1.45235e-05,13.5,8.53451e-06
38.2787,0.00231481,1.1032e-05,9.28494e-11,1.6535,1.45234e-05,13.5,8.5303e-06
38.3892,0.00231481,1.1032e-05,9.28494e-11,1.6535,1.45234e-05,13.5,8.53009e-06
38.4971,0.00231481,1.1032e-05,9.28493e-11,1.6535,1.45234e-05,13.5,8.52709e-06
38.6062,0.00231481,1.1032e-05,9.28492e-11,1.6535,1.45234e-05,13.5,8.52395e-06
38.7149,0.00231481,1.1032e-05,9.28491e-11,1.6535,1.45233e-05,13.5,8.52172e-06
38.8235,0.00231481,1.1032e-05,9.2849e-11,1.6535,1.45233e-05,13.5,8.5205e-06
38.9317,0.00231481,1.1032e-05,9.28489e-11,1.6535,1.45233e-05,13.5,8.51788e-06
39.0406,0.00231481,1.1032e-05,9.28489e-11,1.6535,1.45233e-05,13.5,8.51894e-06
39.149,0.00231481,1.1032e-05,9.28489e-11,1.6535,1.45233e-05,13.5,8.51832e-06
39.2562,0.00231481,1.1032e-05,9.28488e-11,1.6535,1.45233e-05,13.5,8.51472e-06
39.3597,0.00231481,1.1032e-05,9.28488e-11,1.6535,1.45233e-05,13.5,8.5167e-06
39.4693,0.00231481,1.1032e-05,9.28487e-11,1.6535,1.45233e-05,13.5,8.5144e-06
39.5767,0.00231481,1.1032e-05,9.28487e-11,1.6535,1.45232e-05,13.5,8.51376e-06
39.6825,0.00231481,1.1032e-05,9.28487e-11,1.6535,1.45232e-05,13.5,8.51318e-06
39.7916,0.00231481,1.1032e-05,9.28486e-11,1.6535,1.45232e-05,13.5,8.51195e-06
39.9008,0.00231481,1.1032e-05,9.28486e-11,1.6535,1.45232e-05,13.5,8.51011e-06
40.0086,0.00231481,1.1032e-05,9.28484e-11,1.6535,1.45232e-05,13.5,8.50687e-06
40.118,0.00231481,1.1032e-05,9.28484e-11,1.6535,1.45232e-05,13.5,8.50533e-06
40.2257,0.00231481,1.1032e-05,9.28483e-11,1.6535,1.45231e-05,13.5,8.50495e-06
40.3322,0.00231481,1.1032e-05,9.28483e-11,1.6535,1.45231e-05,13.5,8.50374e-06
40.441,0.00231481,1.1032e-05,9.28481e-11,1.6535,1.45231e-05,13.5,8.49905e-06
40.5522,0.00231481,1.1032e-05,9.2848e-11,1.6535,1.45231e-05,13.5,8.49645e-06
40.663,0.00231481,1.1032e-05,9.28479e-11,1.6535,1.4523e-05,13.5,8.49365e-06
40.7715,0.00231481,1.1032e-05,9.28477e-11,1.6535,1.4523e-05,13.5,8.49063e-06
40.8814,0.00231481,1.1032e-05,9.28477e-11,1.6535,1.4523e-05,13.5,8.4886e-06
40.9859,0.00231481,1.1032e-05,9.28477e-11,1.6535,1.4523e-05,13.5,8.49073e-06
41.0925,0.00231481,1.1032e-05,9.28476e-11,1.6535,1.45229e-05,13.5,8.48698e-06
41.1995,0.00231481,1.1032e-05,9.28476e-11,1.6535,1.45229e-05,13.5,8.48674e-06
41.3069,0.00231481,1.1032e-05,9.28475e-11,1.6535,1.45229e-05,13.5,8.48441e-06
41.4151,0.00231481,1.1032e-05,9.28475e-11,1.6535,1.45229e-05,13.5,8.48517e-06
41.525,0.00231481,1.1032e-05,9.28474e-11,1.6535,1.45229e-05,13.5,8.48291e-06
41.6336,0.00231481,1.1032e-05,9.28473e-11,1.6535,1.45229e-05,13.5,8.47998e-06
41.7439,0.00231481,1.1032e-05,9.28472e-11,1.6535,1.45228e-05,13.5,8.47752e-06
41.8511,0.00231481,1.1032e-05,9.28471e-11,1.6535,1.45228e-05,13.5,8.47535e-06
41.9603,0.00231481,1.1032e-05,9.28471e-11,1.6535,1.45228e-05,13.5,8.47514e-06
42.0632,0.00231481,1.1032e-05,9.28471e-11,1.6535,1.45228e-05,13.5,8.47567e-06
42.1726,0.00231481,1.1032e-05,9.2847e-11,1.6535,1.45228e-05,13.5,8.47287e-06
42.2807,0.00231481,1.1032e-05,9.28468e-11,1.6535,1.45228e-05,13.5,8.4697e-06
42.3942,0.00231481,1.1032e-05,9.28466e-11,1.6535,1.45227e-05,13.5,8.46489e-06
42.5003,0.00231481,1.1032e-05,9.28466e-11,1.6535,1.45227e-05,13.5,8.4644e-06
42.6082,0.00231481,1.1032e-05,9.28465e-11,1.6535,1.45227e-05,13.5,8.46159e-06
42.6971,0.00231481,1.1032e-05,9.28465e-11,1.6535,1.45227e-05,13.5,8.46111e-06
42.7959,0.00231481,1.1032e-05,9.28462e-11,1.6535,1.45226e-05,13.5,8.45539e-06
42.9039,0.00231481,1.1032e-05,9.28463e-11,1.6535,1.45226e-05,13.5,8.4574e-06
43.0092,0.00231481,1.1032e-05,9.28462e-11,1.6535,1.45226e-05,13.5,8.45412e-06
43.1152,0.00231481,1.1032e-05,9.28463e-11,1.6535,1.45226e-05,13.5,8.45571e-06
43.2264,0.00231481,1.1032e-05,9.28459e-11,1.6535,1.45226e-05,13.5,8.44693e-06
43.3304,0.00231481,1.1032e-05,9.28462e-11,1.6535,1.45226e-05,13.5,8.45338e-06
43.4403,0.00231481,1.1032e-05,9.2846e-11,1.6535,1.45225e-05,13.5,8.44946e-06
43.5481,0.00231481,1.1032e-05,9.28458e-11,1.6535,1.45225e-05,13.5,8.44523e-06
43.6558,0.00231481,1.1032e-05,9.28458e-11,1.6535,1.45225e-05,13.5,8.44608e-06
43.7622,0.00231481,1.1032e-05,9.28458e-11,1.6535,1.45225e-05,13.5,8.4442e-06
43.8673,0.00231481,1.1032e-05,9.28457e-11,1.6535,1.45225e-05,13.5,8.44285e-06
43.9735,0.00231481,1.1032e-05,9.28457e-11,1.6535,1.45225e-05,13.5,8.44158e-06
44.0854,0.00231481,1.1032e-05,9.28455e-11,1.6535,1.45224e-05,13.5,8.43795e-06
44.1929,0.00231481,1.1032e-05,9.28455e-11,1.6535,1.45224e-05,13.5,8.43704e-06
44.3013,0.00231481,1.1032e-05,9.28453e-11,1.6535,1.45224e-05,13.5,8.4328e-06
44.4104,0.00231481,1.1032e-05,9.28453e-11,1.6535,1.45224e-05,13.5,8.43223e-06
44.5216,0.00231481,1.1032e-05,9.2845e-11,1.6535,1.45223e-05,13.5,8.42664e-06
44.6288,0.00231481,1.1032e-05,9.28451e-11,1.6535,1.45223e-05,13.5,8.42835e-06
44.7364,0.00231481,1.1032e-05,9.28449e-11,1.6535,1.45223e-05,13.5,8.42485e-06
44.8454,0.00231481,1.1032e-05,9.28449e-11,1.6535,1.45223e-05,13.5,8.42392e-06
44.9537,0.00231481,1.1032e-05,9.28448e-11,1.6535,1.45223e-05,13.5,8.42141e-06
45.0609,0.00231481,1.1032e-05,9.28447e-11,1.6535,1.45222e-05,13.5,8.42015e-06
45.1728,0.00231481,1.1032e-05,9.28446e-11,1.6535,1.45222e-05,13.5,8.41726e-06
45.2813,0.00231481,1.1032e-05,9.28445e-11,1.6535,1.45222e-05,13.5,8.41397e-06
45.3876,0.00231481,1.1032e-05,9.28445e-11,1.6535,1.45222e-05,13.5,8.41405e-06
45.4935,0.00231481,1.1032e-05,9.28443e-11,1.6535,1.45221e-05,13.5,8.41026e-06
45.6005,0.00231481,1.1032e-05,9.28443e-11,1.6535,1.45221e-05,13.5,8.41029e-06
45.7094,0.00231481,1.1032e-05,9.28443e-11,1.6535,1.45221e-05,13.5,8.40953e-06
45.8175,0.00231481,1.1032e-05,9.28442e-11,1.6535,1.45221e-05,13.5,8.4064e-06
45.9237,0.00231481,1.1032e-05,9.28442e-11,1.6535,1.45221e-05,13.5,8.40648e-06
46.0301,0.00231481,1.1032e-05,9.28441e-11,1.6535,1.45221e-05,13.5,8.40392e-06
46.1374,0.00231481,1.1032e-05,9.2844e-11,1.6535,1.4522e-05,13.5,8.403e-06
46.2474,0.00231481,1.1032e-05,9.28438e-11,1.6535,1.4522e-05,13.5,8.39851e-06
46.3542,0.00231481,1.1032e-05,9.28437e-11,1.6535,1.4522e-05,13.5,8.39614e-06
46.4602,0.00231481,1.1032e-05,9.28437e-11,1.6535,1.4522e-05,13.5,8.39646e-06
46.5668,0.00231481,1.1032e-05,9.28436e-11,1.6535,1.45219e-05,13.5,8.39357e-06
46.6727,0.00231481,1.1032e-05,9.28437e-11,1.6535,1.4522e-05,13.5,8.39559e-06
46.7833,0.00231481,1.1032e-05,9.28436e-11,1.6535,1.45219e-05,13.5,8.39349e-06
46.8946,0.00231481,1.1032e-05,9.28434e-11,1.6535,1.45219e-05,13.5,8.3896e-06
47.0022,0.00231481,1.1032e-05,9.28433e-11,1.6535,1.45219e-05,13.5,8.38739e-06
47.1082,0.00231481,1.1032e-05,9.28435e-11,1.6535,1.45219e-05,13.5,8.38992e-06
47.2151,0.00231481,1.1032e-05,9.28434e-11,1.6535,1.45219e-05,13.5,8.38782e-06
47.3226,0.00231481,1.1032e-05,9.28433e-11,1.6535,1.45219e-05,13.5,8.38627e-06
47.428,0.00231481,1.1032e-05,9.28433e-11,1.6535,1.45219e-05,13.5,8.38554e-06
47.5356,0.00231481,1.1032e-05,9.28431e-11,1.6535,1.45218e-05,13.5,8.38194e-06
47.6432,0.00231481,1.1032e-05,9.28431e-11,1.6535,1.45218e-05,13.5,8.38214e-06
47.748,0.00231481,1.1032e-05,9.28431e-11,1.6535,1.45218e-05,13.5,8.38132e-06
47.8552,0.00231481,1.1032e-05,9.2843e-11,1.6535,1.45217e-05,13.5,8.37862e-06
47.9633,0.00231481,1.1032e-05,9.28428e-11,1.6535,1.45218e-05,13.5,8.37492e-06
48.0725,0.00231481,1.1032e-05,9.28428e-11,1.6535,1.45217e-05,13.5,8.37426e-06
48.1815,0.00231481,1.1032e-05,9.28427e-11,1.6535,1.45217e-05,13.5,8.37279e-06
48.2912,0.00231481,1.1032e-05,9.28426e-11,1.6535,1.45217e-05,13.5,8.36952e-06
48.4003,0.00231481,1.1032e-05,9.28426e-11,1.6535,1.45217e-05,13.5,8.37023e-06
48.5072,0.00231481,1.1032e-05,9.28425e-11,1.6535,1.45217e-05,13.5,8.36805e-06
48.6157,0.00231481,1.1032e-05,9.28426e-11,1.6535,1.45217e-05,13.5,8.36887e-06
48.7276,0.00231481,1.1032e-05,9.28424e-11,1.6535,1.45216e-05,13.5,8.3657e-06
48.8338,0.00231481,1.1032e-05,9.28424e-11,1.6535,1.45216e-05,13.5,8.36461e-06
48.9455,0.00231481,1.1032e-05,9.28422e-11,1.6535,1.45216e-05,13.5,8.35972e-06
49.0538,0.00231481,1.1032e-05,9.28421e-11,1.6535,1.45216e-05,13.5,8.35897e-06
49.1619,0.00231481,1.1032e-05,9.2842e-11,1.6535,1.45216e-05,13.5,8.356e-06
49.2689,0.00231481,1.1032e-05,9.28419e-11,1.6535,1.45215e-05,13.5,8.35304e-06
49.3782,0.00231481,1.1032e-05,9.28418e-11,1.6535,1.45215e-05,13.5,8.35153e-06
49.4864,0.00231481,1.1032e-05,9.28417e-11,1.6535,1.45215e-05,13.5,8.34876e-06
49.5929,0.00231481,1.1032e-05,9.28416e-11,1.6535,1.45214e-05,13.5,8.3471e-06
49.7029,0.00231481,1.1032e-05,9.28415e-11,1.6535,1.45214e-05,13.5,8.34363e-06
49.8119,0.00231481,1.1032e-05,9.28414e-11,1.6535,1.45214e-05,13.5,8.34142e-06
49.9196,0.00231481,1.1032e-05,9.28414e-11,1.6535,1.45214e-05,13.5,8.34154e-06
50.0,0.00231481,1.1032e-05,9.28413e-11,1.6535,1.45214e-05,13.5,8.34007e-06
